y_true,y_pred_prob,y_pred
0,0.02525764304827833,0
1,0.5057268847514917,1
1,0.9779637945395652,1
0,0.15695270156302527,0
0,0.5723027734924433,1
0,0.26398145426338265,0
0,0.06900681532638221,0
1,0.983449605226228,1
0,0.25065700465025414,0
0,0.29226093404984477,0
0,0.23921795561933085,0
1,0.6671139063781072,1
1,0.9061819385797124,1
0,0.5718459397199138,1
1,0.3520475375286803,0
0,0.47691390302590053,0
1,0.4461720833209823,0
1,0.9987495664672748,1
0,0.4254384918409756,0
1,0.999452744432649,1
1,0.9110217878944905,1
0,0.01889472746398468,0
1,0.4244341408036111,0
1,0.3256324676706158,0
0,0.4347695446946902,0
0,0.16452239949388786,0
1,0.9868796743405499,1
1,0.989824220819792,1
1,0.8790225753776947,1
1,0.70457988664852,1
1,0.18825402354699602,0
0,0.01749439808313976,0
0,0.06872028792478338,0
1,0.24257263696503872,0
0,0.38056769407870994,0
0,0.06754825396771104,0
1,0.948836755408323,1
1,0.08096645319667689,0
0,0.08074364871536534,0
0,0.20800680199683175,0
0,0.40399579111720535,0
1,0.9771423279681272,1
0,0.01920206996847186,0
0,0.14972398199034453,0
0,0.041909251066660984,0
0,0.5539559870879021,1
1,0.9874183940339327,1
1,0.29178020607692334,0
0,0.160905742124235,0
1,0.9546689831217504,1
1,0.9349741745482985,1
1,0.8717111094674999,1
1,0.9884739243903106,1
1,0.9518100597866528,1
0,0.12562882616777196,0
1,0.5447792227037269,1
1,0.9189535659773902,1
0,0.26241734037943193,0
0,0.033317925596471815,0
1,0.9826583689461846,1
1,0.9797172854339274,1
0,0.048420375178950134,0
0,0.09885289579592174,0
0,0.24989030412670699,0
0,0.059372720039530424,0
1,0.9833696179583542,1
0,0.108139696630942,0
1,0.9878878823441014,1
1,0.9901434058768646,1
0,0.041296209583059774,0
1,0.6487514983899785,1
0,0.6716207398278018,1
0,0.03768335293952502,0
0,0.5286979346593055,1
0,0.08545865495841959,0
1,0.9902628895394512,1
0,0.2810841661406848,0
1,0.984063560927365,1
1,0.9926999313908285,1
1,0.9161895554066246,1
0,0.26832943751340543,0
1,0.7100211155727705,1
0,0.06742486873052127,0
1,0.9497271455930945,1
0,0.6916892959647001,1
1,0.9920474840152753,1
0,0.38772831496793186,0
1,0.1960065913227561,0
0,0.3178564959534891,0
1,0.7765741120547207,1
0,0.031205119832864694,0
1,0.9812021438896439,1
0,0.044314856598889785,0
1,0.5008782188793418,1
0,0.11515679428671799,0
0,0.3299346768407022,0
0,0.21003196121846374,0
0,0.1842164095450602,0
1,0.9695838322193171,1
1,0.9901656948938349,1
0,0.32103370188019287,0
0,0.15133282963980538,0
0,0.29146993383535813,0
0,0.273253490100985,0
1,0.9607517208040515,1
1,0.23901494669447354,0
0,0.44345398067286623,0
1,0.9007828719381341,1
1,0.29477815620911363,0
0,0.08417444158497492,0
1,0.9810423781844448,1
0,0.3535645960764755,0
0,0.39067177573918765,0
0,0.060489665681129276,0
1,0.8823291606938664,1
1,0.9686841181454442,1
0,0.4685240019199956,0
1,0.7961000039043439,1
0,0.20803496535375715,0
1,0.8059087232025786,1
1,0.8242134429615376,1
0,0.2072822283231943,0
1,0.3996570565411379,0
1,0.9928866391969573,1
1,0.5087601578471332,1
1,0.33338506901104537,0
0,0.11057196114440893,0
0,0.049861126040108415,0
0,0.09014002331316179,0
1,0.9755472929095214,1
0,0.18586424495885,0
1,0.9609425256353463,1
1,0.9486052481122913,1
0,0.22595237085062697,0
0,0.22503025907334723,0
1,0.747402715620226,1
0,0.6830007001962682,1
0,0.709976599901164,1
1,0.9857074611397478,1
0,0.19125063445677906,0
0,0.56694315703868,1
1,0.9021604574679016,1
1,0.27750483990733044,0
1,0.40549672138734144,0
0,0.168525407678771,0
1,0.9423823857989064,1
1,0.99325788208197,1
1,0.9234048443187888,1
1,0.9885612038544809,1
0,0.1602308419810941,0
0,0.268365279894311,0
1,0.887078008074776,1
1,0.8692742512894316,1
1,0.9975002568061484,1
1,0.98129238680818,1
0,0.026742752833835717,0
1,0.9395110965449331,1
1,0.9929990687717912,1
1,0.9428644909405337,1
1,0.9664602443966084,1
1,0.3612858670860524,0
0,0.16075903197911617,0
0,0.07718600585720228,0
1,0.9205861069585326,1
1,0.08893297359571903,0
0,0.2447455717674909,0
1,0.3335148472739483,0
1,0.3638417889473241,0
0,0.08569805204788919,0
1,0.7777825131296389,1
0,0.3615897826284011,0
0,0.1288554186367949,0
0,0.08208914619180636,0
0,0.1398561834328906,0
1,0.29240438684914355,0
1,0.9693087028117406,1
0,0.2962867307372704,0
0,0.16380355726166512,0
1,0.9758501816912686,1
0,0.2532623352794242,0
1,0.9276892699911433,1
1,0.6353876220230812,1
1,0.8983788194628117,1
1,0.573236005295732,1
1,0.9920993986205333,1
1,0.8989289154639596,1
0,0.4133273410983562,0
1,0.9670103014886147,1
1,0.981185463687039,1
0,0.15745429378301523,0
0,0.6525703656399546,1
0,0.050007909586399495,0
0,0.30732258898973275,0
0,0.42337523090808515,0
1,0.7460124827738397,1
1,0.8903167997745025,1
0,0.15048716196087156,0
0,0.2070567335955385,0
0,0.19683889111104036,0
1,0.8950759006526651,1
1,0.9452994033168808,1
0,0.05560111134796911,0
1,0.7895954817130135,1
0,0.03694614257030693,0
1,0.98774818033295,1
0,0.047921512963381305,0
0,0.024148462907313532,0
0,0.07351628561279587,0
1,0.990173900808456,1
0,0.0836623443705023,0
1,0.9402224376849182,1
1,0.9904597237692646,1
0,0.22158317218940396,0
1,0.24925568830659448,0
0,0.7727298833396375,1
1,0.937471365718249,1
0,0.030982336805809016,0
0,0.4085625606808846,0
1,0.9274628018638691,1
0,0.5722375598110847,1
1,0.958847495673363,1
0,0.1661230010320879,0
1,0.9865415718309191,1
1,0.9122667282553789,1
1,0.9873286778638272,1
1,0.9910690277474494,1
1,0.7772174817896732,1
0,0.27968566226024616,0
0,0.03998729617308623,0
1,0.8444810493849367,1
0,0.6119932815128202,1
1,0.9714913569083832,1
1,0.970232123589755,1
1,0.5316008227494754,1
1,0.22099591338011443,0
1,0.8368376415442714,1
0,0.12328651080843478,0
1,0.32811537169262,0
1,0.7422916485130981,1
0,0.31348614412994136,0
1,0.98018943842313,1
0,0.39931665590831894,0
0,0.1609151639343653,0
0,0.15049740181765392,0
0,0.15887381668356393,0
0,0.2705534257829566,0
0,0.07698547220844479,0
0,0.02885777556215206,0
0,0.14204434799992707,0
0,0.2456179401839621,0
1,0.8862151629927226,1
1,0.9844392679379536,1
0,0.5629265264288577,1
1,0.24375793985226601,0
0,0.43421817335295554,0
0,0.1964810765073669,0
1,0.9943568412796733,1
1,0.7761441337218993,1
0,0.2972381636004048,0
1,0.9503727440327547,1
0,0.36992414641113713,0
0,0.12571378560184465,0
0,0.21670311113585816,0
0,0.40306921156195585,0
1,0.4568218932527348,0
1,0.7075398255053651,1
0,0.12564866769938912,0
1,0.996891479866646,1
0,0.02757894988155047,0
1,0.9191705348022969,1
0,0.43612152872578397,0
1,0.7087837644458097,1
0,0.215928160716666,0
0,0.26669081140517953,0
0,0.1871360344945207,0
0,0.6389240780903356,1
0,0.07512410532391475,0
1,0.1199071147751367,0
1,0.9143085864721712,1
0,0.16274803919620962,0
1,0.9426616563241454,1
0,0.14604238337229458,0
0,0.16917385187582598,0
1,0.7872229025241184,1
0,0.33179827748600277,0
1,0.3703049524451023,0
0,0.02465442220836574,0
1,0.9275984463142267,1
1,0.8953617215480543,1
1,0.8757306280276554,1
0,0.3243046140273882,0
1,0.16695984782308837,0
0,0.6613202608503822,1
0,0.21797796204688763,0
0,0.19809732530492247,0
1,0.6919783868297007,1
1,0.6050322535289583,1
0,0.25486173598789497,0
0,0.14072286356624383,0
0,0.12405969605360875,0
0,0.3224832795125352,0
0,0.7898488330823147,1
1,0.9878897599673565,1
0,0.029243569778174352,0
0,0.07668073181791828,0
0,0.09426169519676214,0
1,0.6949379512632758,1
1,0.40115806001283566,0
1,0.2579782292611938,0
1,0.712806224447233,1
1,0.20939360170827684,0
0,0.2902080125600405,0
0,0.034829972125757475,0
1,0.8877309430263165,1
0,0.36446011761859165,0
1,0.9748363501069761,1
1,0.9888798548808209,1
0,0.11124954351643591,0
0,0.1064489337363495,0
0,0.0932029587466662,0
0,0.37261124213134456,0
1,0.604162961923578,1
0,0.41752639242587086,0
0,0.018047361527645477,0
1,0.7708587460085777,1
0,0.04321729196162451,0
0,0.32321560618506606,0
0,0.49906175940773184,0
0,0.16827179511818804,0
1,0.5303490647637895,1
1,0.6411862914930812,1
1,0.956539943226715,1
1,0.6298434492377699,1
1,0.917182895228807,1
0,0.12548495246325875,0
1,0.39296037019287106,0
1,0.9512451910574242,1
0,0.1678972026597502,0
1,0.9231395447148969,1
1,0.9819996760411013,1
0,0.6910837309951079,1
1,0.8230614786824881,1
1,0.2769418069157352,0
1,0.9383987906947705,1
0,0.20596485701078177,0
1,0.8123526808900925,1
1,0.7434572947458173,1
1,0.7963349251708096,1
1,0.9857842105729738,1
0,0.060339456963490086,0
1,0.9577752961006112,1
0,0.2878624248167273,0
0,0.3878832541389645,0
1,0.8756535961822913,1
1,0.4766676940230793,0
0,0.3226121704391711,0
0,0.18916690297380423,0
1,0.709754722728337,1
1,0.9898726792278718,1
1,0.9932097312095363,1
1,0.1985824471919828,0
0,0.41966536651270436,0
1,0.591185049492575,1
0,0.08126087501742318,0
0,0.2184647029030961,0
1,0.9435768065570558,1
1,0.3991016777706765,0
1,0.9796682734931769,1
0,0.025787544051722348,0
1,0.3197750113311992,0
1,0.9899329695796124,1
0,0.07668418394656354,0
1,0.5931130957309324,1
0,0.2861901466656445,0
1,0.9849247793818036,1
0,0.36886051834319833,0
1,0.8677608164963511,1
1,0.9254362322869731,1
0,0.24641980494545335,0
1,0.3353480356349083,0
1,0.7371974007530716,1
1,0.24030975484964273,0
1,0.10996666615607252,0
0,0.17205977715734017,0
1,0.9071775690032746,1
0,0.030567741747035942,0
0,0.087813069109037,0
0,0.04207304851933391,0
1,0.3408912334480178,0
0,0.5646583171299723,1
1,0.976093698754166,1
1,0.9040722794188609,1
0,0.13525460738905282,0
1,0.6575145850294712,1
1,0.39640839095375513,0
0,0.3233613953334125,0
0,0.13939036406029168,0
0,0.13811284424368692,0
1,0.870916267260478,1
0,0.2564801431616731,0
1,0.7168687995799942,1
0,0.4170845806497526,0
0,0.25207195161396656,0
1,0.9707329474364778,1
0,0.11616556694911631,0
1,0.6772917215763278,1
1,0.9200175066511932,1
0,0.03904794556360408,0
1,0.8859875861267222,1
1,0.9672523699232239,1
1,0.9911690712047829,1
0,0.3730019774577874,0
0,0.07789138653931647,0
1,0.977422856513708,1
1,0.8772728197001481,1
1,0.8459484447188603,1
0,0.06982880965929997,0
0,0.4761555252665107,0
1,0.3616045066431783,0
0,0.12282731456719262,0
1,0.9980960233217142,1
1,0.9318125297010692,1
0,0.17182855178500697,0
0,0.1742162594398841,0
1,0.8497601893873228,1
1,0.9830789363843171,1
1,0.9342401576312822,1
1,0.9922244711930583,1
1,0.16591232301465975,0
0,0.09222438897218588,0
0,0.4306935856944257,0
0,0.08260270406977863,0
1,0.8397720499289814,1
1,0.9653229635770928,1
1,0.7017417398655045,1
0,0.06374848811978705,0
1,0.9808656911220575,1
1,0.8696583052327383,1
1,0.9101054570606135,1
0,0.12298953632561971,0
1,0.9381116829931486,1
1,0.9137618781483641,1
0,0.35570970937134255,0
0,0.23031027191807218,0
0,0.07395693001518869,0
1,0.9135064782747273,1
1,0.9661455939880765,1
0,0.44996471757563694,0
0,0.21406041024701583,0
1,0.9171967799313654,1
0,0.17742420699233935,0
1,0.9662386134132099,1
0,0.2689363371544688,0
0,0.28329256627339505,0
0,0.7249427074939747,1
0,0.13168461891583516,0
1,0.9492307139068865,1
1,0.974433996757268,1
0,0.5746547422047923,1
1,0.9967437106016315,1
1,0.9530703398656701,1
1,0.9853721511336042,1
1,0.9313511190268554,1
0,0.11867744694018281,0
0,0.523237445897093,1
0,0.3858865383527058,0
0,0.7438852836755759,1
1,0.9565700008693091,1
1,0.43932200477187794,0
1,0.7451831720719908,1
1,0.9016623656746467,1
1,0.9883610200077668,1
1,0.9754349209391976,1
0,0.16070443246454766,0
1,0.1112772998646199,0
1,0.9860369541012288,1
1,0.7856227496832475,1
0,0.14905167434524114,0
0,0.153951878057741,0
0,0.10178877510887574,0
1,0.6007112415830194,1
1,0.42989101783817063,0
0,0.25492155925622273,0
1,0.9172327212904191,1
0,0.18893480139989566,0
0,0.18409297092195911,0
0,0.05331792559647182,0
0,0.1774025550362502,0
1,0.47529387263988343,0
0,0.1613850218245758,0
0,0.06744886563629199,0
1,0.6166283231423901,1
0,0.4950418612577555,0
1,0.644101685897565,1
1,0.9933179548831745,1
0,0.317675662577989,0
0,0.48298904999078074,0
1,0.9229696872168835,1
1,0.9932283981104046,1
0,0.05130058317244955,0
1,0.9456504137427548,1
1,0.9838724690870533,1
0,0.0867621960564767,0
1,0.9890853134022095,1
1,0.9573918813073983,1
1,0.9334615180156813,1
0,0.1516648584622112,0
1,0.9279570885139595,1
0,0.19254936014056687,0
1,0.417990332696607,0
1,0.9716168619519496,1
1,0.9773574748081781,1
1,0.9712927982246196,1
0,0.03251915604648909,0
1,0.9624709924522152,1
1,0.9909284489891241,1
0,0.6215460715338064,1
0,0.008854673171145236,0
0,0.22806702263344167,0
1,0.9697992460837617,1
0,0.16144616277940768,0
0,0.0888655915820053,0
0,0.1914445989643806,0
1,0.9279042405706724,1
1,0.9906979250332997,1
0,0.2026159183615227,0
1,0.977180109373543,1
1,0.7093557217526711,1
0,0.6480632201446035,1
0,0.1318927126209551,0
0,0.27106911264637085,0
0,0.18566102385750283,0
0,0.22147287490968848,0
0,0.02122609590251138,0
0,0.07715693460439714,0
1,0.9857329936453952,1
0,0.15993660195755505,0
1,0.6234811246516283,1
1,0.9429456386050203,1
1,0.9439884271507328,1
1,0.9931578758579626,1
1,0.6338540546443747,1
1,0.9828658983924689,1
0,0.6451355732815871,1
1,0.2557359203194782,0
1,0.9866021886037089,1
1,0.5221596569019166,1
1,0.18487718524239352,0
0,0.11974049720845226,0
0,0.09285782494924837,0
0,0.037966520889045216,0
0,0.19774567501968981,0
0,0.08741472488186247,0
0,0.25842345957697305,0
1,0.8362447807361637,1
1,0.9843820861462813,1
0,0.4604603402225681,0
0,0.3513461220551315,0
0,0.24629349036606485,0
0,0.02295583478302648,0
0,0.5455396649207471,1
1,0.9063502027880186,1
0,0.5050160830807345,1
0,0.053862280555386055,0
0,0.22183598561776377,0
1,0.46951052167572127,0
1,0.7368097547117207,1
1,0.09716906574213993,0
1,0.2911572036684236,0
0,0.10408972139308549,0
1,0.3939768339383508,0
1,0.99693894403583,1
0,0.029733343763064614,0
1,0.9917742498334374,1
0,0.13003038672865913,0
0,0.21685400614539774,0
0,0.09541652471434475,0
0,0.24717799148326805,0
0,0.15178832803229217,0
1,0.9084600222797048,1
1,0.9901908751773094,1
1,0.9127770064213574,1
0,0.020219369620963296,0
0,0.24203313922251662,0
1,0.8573455453781815,1
0,0.06932041747126991,0
0,0.20926915376179828,0
0,0.3313219636360969,0
1,0.7559270496733808,1
1,0.36825123535115883,0
0,0.1751923726013405,0
0,0.5156155693013111,1
1,0.7274395039166077,1
1,0.9904114892386386,1
0,0.0579177148642437,0
0,0.022874016688729806,0
1,0.6408282720527078,1
1,0.9657670074082338,1
0,0.28026141072373023,0
0,0.4810639605550767,0
0,0.09798565913031695,0
0,0.16768275471257887,0
0,0.4462197918575781,0
1,0.9753986134225452,1
1,0.3776812809900927,0
1,0.4499654466240116,0
1,0.9813253210506384,1
0,0.07566864184887931,0
0,0.26616820497741933,0
1,0.9878768247562086,1
1,0.5346688157901682,1
1,0.3043786499437517,0
0,0.0758699000952418,0
1,0.5773670471797369,1
0,0.015319354358590383,0
0,0.2737584927741753,0
1,0.9791183372777461,1
0,0.1390386070133007,0
0,0.1404291223823683,0
1,0.1902765775282223,0
1,0.96194652504989,1
1,0.9807779950648334,1
0,0.5410462388139241,1
0,0.11666977979728332,0
1,0.8202378773151363,1
1,0.9925802411797394,1
1,0.9622523699232239,1
1,0.5560838038800607,1
0,0.2270534911305364,0
1,0.9412100216071067,1
0,0.02353417518889952,0
0,0.05252563472460934,0
0,0.5674991967387197,1
0,0.06303201629117863,0
1,0.9521093822450382,1
1,0.18852175778211933,0
1,0.9471102128054438,1
0,0.29613258892278654,0
0,0.21803525013547823,0
1,0.9379426799626902,1
1,0.2443433461499781,0
1,0.8304091759396608,1
0,0.28823081477009077,0
1,0.33646993383535806,0
0,0.1375051809465938,0
0,0.39489663896329263,0
1,0.6104413853507729,1
0,0.1509596303437033,0
0,0.08721549376399107,0
0,0.25094813446468955,0
1,0.1852098263318949,0
0,0.2752778509660414,0
1,0.8444025919523874,1
0,0.19634594474544367,0
1,0.8045123240055452,1
1,0.2584288386630192,0
0,0.06991504694055435,0
0,0.03164379606483526,0
0,0.13348228019648167,0
0,0.22721848373906317,0
1,0.9880307929726921,1
1,0.9614172870925508,1
0,0.30178817449476447,0
1,0.990777798311218,1
1,0.0957715324768198,0
0,0.20781862024493372,0
1,0.7775188808539923,1
0,0.27252086292661837,0
1,0.9879159528862714,1
0,0.40163336815567585,0
0,0.23281794617314291,0
0,0.7076293151500335,1
0,0.14584512410076805,0
0,0.7391916392872953,1
0,0.31870826925058815,0
1,0.9734139183264587,1
1,0.42682689860899425,0
0,0.18259716100363868,0
0,0.24728972805890914,0
1,0.8677892209986591,1
1,0.9845870794272831,1
1,0.9791791420614269,1
1,0.9015254854708106,1
0,0.30356733979146566,0
0,0.2029547765476361,0
0,0.10524606753361646,0
0,0.5883754459952865,1
0,0.10321372361076878,0
1,0.9831333781197213,1
1,0.19141066100097204,0
0,0.1365306622055178,0
0,0.3077965708780789,0
1,0.7997831568083136,1
0,0.0722070597775925,0
1,0.16620349114540867,0
1,0.48283361832172844,0
0,0.09433819419921444,0
1,0.7442548298236076,1
1,0.5913921235610199,1
0,0.13483348192506006,0
1,0.9530984336389883,1
0,0.5445695781205437,1
1,0.9849247793818036,1
1,0.9698166629599432,1
0,0.44338633578846887,0
0,0.0501286271282443,0
1,0.8547669732289309,1
1,0.934473697904679,1
1,0.7647388395204227,1
0,0.09589976179976739,0
1,0.9857062082314723,1
0,0.014355279580655269,0
0,0.16859586092052226,0
1,0.4763229896471346,0
0,0.056734217937633336,0
1,0.814586518446818,1
1,0.723156448673228,1
1,0.9867888463074205,1
0,0.2556640906336015,0
1,0.316048674343962,0
1,0.985029303568003,1
0,0.19592676690242003,0
1,0.9885211019408098,1
1,0.984683084909587,1
0,0.5489195788508006,1
0,0.44597204578179517,0
0,0.26945300690185764,0
0,0.1617504324782746,0
0,0.8624844652222586,1
0,0.24634568325043638,0
1,0.4030358843687991,0
1,0.9886249168523664,1
1,0.9879980937747427,1
1,0.9909705709303878,1
1,0.9873451174099457,1
0,0.3520260138645216,0
1,0.9431237676186723,1
1,0.5981887357056677,1
1,0.989401890388119,1
0,0.1794445581096831,0
0,0.06931963856115603,0
1,0.6273273723967284,1
0,0.2047578983504046,0
0,0.01147093182962942,0
0,0.517186884212464,1
1,0.9982679040884439,1
0,0.20179263328322689,0
0,0.689115663610705,1
1,0.8770116573497768,1
0,0.10121475888870168,0
1,0.9925393190838525,1
1,0.9895248524725775,1
1,0.8054793928668094,1
1,0.9803537815418195,1
0,0.060082250881160655,0
0,0.09698938789875754,0
0,0.09743072820682844,0
1,0.9903880564310271,1
1,0.9061537342429833,1
1,0.861640743947774,1
1,0.7670841083532701,1
0,0.1831272517062537,0
0,0.393019053521203,0
0,0.34866768169373363,0
1,0.9439908970577053,1
1,0.9891396789418492,1
1,0.9901386309476042,1
0,0.3422077787734963,0
1,0.9903138159033457,1
1,0.9899149501773901,1
0,0.30455140766544564,0
1,0.3826906146177965,0
0,0.17069680489674577,0
0,0.45691979233392926,0
1,0.1220570353097906,0
0,0.3327982007120318,0
0,0.5646747790540017,1
1,0.23708142887421924,0
0,0.33719844050602177,0
1,0.9065024703679311,1
0,0.10927526828266176,0
1,0.6580571492409417,1
1,0.4467566820215414,0
0,0.09472754212663807,0
1,0.8306784879510132,1
0,0.17666575426243702,0
1,0.40453709127614634,0
0,0.04252563472460934,0
0,0.1279060752439781,0
0,0.10962457988488716,0
1,0.8142930233711219,1
1,0.5958704612836561,1
0,0.14633402217382843,0
1,0.9618299308137133,1
1,0.9359345422445076,1
1,0.4907157900345809,0
0,0.2509636187975972,0
1,0.9887846713592245,1
1,0.8055312902232914,1
0,0.7105162915960357,1
1,0.9727642743600622,1
1,0.9653658691820248,1
1,0.9566675451497133,1
0,0.044961241210242434,0
1,0.8272490602807119,1
1,0.7288529696454208,1
0,0.09793463972091934,0
0,0.1800455215802022,0
0,0.03535026651629999,0
0,0.5383595594469059,1
1,0.992326841727809,1
1,0.9804324569459039,1
0,0.41048669465692456,0
0,0.04999749798069456,0
1,0.9741997073972799,1
1,0.12893529383211816,0
1,0.5982485748472091,1
0,0.31516465519690084,0
1,0.8305837604389248,1
0,0.14409849314289574,0
1,0.9171839886264324,1
0,0.033299738608387745,0
1,0.9368833759528827,1
1,0.987739961438811,1
0,0.02944699525326787,0
0,0.11883050969370315,0
0,0.4690485262521522,0
1,0.9904294210056457,1
0,0.09466171627928588,0
0,0.33828328981315503,0
1,0.8821657149997867,1
1,0.45246107663823776,0
0,0.11140937532324591,0
0,0.18814643408473383,0
1,0.20842967552235692,0
0,0.30078603833441736,0
0,0.6870885972316855,1
1,0.8956156744945325,1
1,0.8307936221717788,1
0,0.27244248981279184,0
1,0.9815702823653093,1
1,0.9720171530338026,1
1,0.7884567295485612,1
1,0.9776846873785988,1
0,0.30133967260719074,0
0,0.7072684112294949,1
0,0.17415606017086077,0
0,0.32561198166463956,0
1,0.947770411318733,1
0,0.2607379349037628,0
0,0.18261246932787317,0
1,0.987856320200388,1
0,0.28594127592182916,0
0,0.14726288430175605,0
1,0.9547439227998982,1
1,0.8124863655278617,1
1,0.3855273111557921,0
0,0.1403036067430622,0
1,0.8815858898025363,1
0,0.09553289519063737,0
1,0.8806198270371965,1
0,0.2886751684915112,0
0,0.12094706045150264,0
1,0.8161278517662042,1
0,0.011754974886482205,0
0,0.13809687745773225,0
1,0.8845567727904418,1
1,0.25931039436745845,0
1,0.8889714213284405,1
1,0.6212583302963335,1
0,0.47807497024705925,0
1,0.8933420020202167,1
1,0.9858726137469288,1
0,0.15943318005158796,0
0,0.3832574060573691,0
0,0.12717985772655127,0
1,0.4240437420398139,0
1,0.9885068945764846,1
0,0.17555339915431323,0
1,0.9677507365683573,1
0,0.20498516876344844,0
0,0.23523341430143618,0
0,0.09440622309713909,0
0,0.07554306447643319,0
1,0.9301471280299229,1
0,0.29426290657143234,0
0,0.2457715295116249,0
0,0.3837003689617713,0
1,0.853598543205799,1
0,0.17817034167232548,0
1,0.9951156924985437,1
0,0.6050877812844846,1
0,0.09958558442588746,0
0,0.277777754792767,0
1,0.8849726217137939,1
1,0.8695519741394988,1
0,0.04904153152863214,0
1,0.962976881326294,1
1,0.9942089110336796,1
0,0.020911028842667375,0
1,0.7295123703308422,1
0,0.055458654958419576,0
1,0.6137281515201377,1
1,0.9783139500895888,1
1,0.5199893580792871,1
1,0.9305545359002565,1
0,0.09276215434147471,0
1,0.6445814806148651,1
0,0.3299163093263686,0
0,0.13978014874028985,0
0,0.7546787822410701,1
0,0.5518181324806618,1
0,0.35877997908983306,0
1,0.43292289811825146,0
1,0.36736338602558716,0
1,0.8430040133661221,1
0,0.031410417869652096,0
1,0.14171548469798972,0
0,0.2853090527535147,0
1,0.9798315990040531,1
0,0.32118025504396275,0
0,0.17435368150946184,0
0,0.888074981319942,1
0,0.14201179142275472,0
0,0.4170277676619159,0
0,0.014464544963585717,0
1,0.9977329573072036,1
0,0.3043329805141186,0
1,0.9675315959648971,1
0,0.2257927367582794,0
0,0.18234053427205563,0
1,0.21394831872333722,0
0,0.2926127497908811,0
1,0.8431122315615376,1
1,0.4837039362918001,0
0,0.05464911918893284,0
0,0.33102298941491637,0
1,0.13484497309142196,0
0,0.25692290979063215,0
1,0.9738410792282894,1
1,0.043936648572637224,0
0,0.20728678559786923,0
0,0.4796665708028064,0
1,0.9576793418433985,1
0,0.30965768641284974,0
0,0.16106913290001473,0
1,0.9812755245793616,1
1,0.9350261818979855,1
0,0.11386562433522232,0
0,0.14086093540701244,0
0,0.5007371342925616,1
0,0.1885085328007313,0
0,0.11295700076354454,0
0,0.19639967943841716,0
0,0.2973908643274928,0
1,0.7076987510086328,1
1,0.9765537136411195,1
1,0.9908972349387899,1
0,0.13371484253876736,0
0,0.4129750300620272,0
1,0.7109366225849681,1
1,0.9519079479592344,1
0,0.28258771387311327,0
0,0.4931261666784339,0
0,0.4414428416282902,0
0,0.15705497338613705,0
0,0.34988814533170254,0
0,0.08318799794248291,0
1,0.9151801362763936,1
0,0.850803433777929,1
0,0.09211791222879001,0
0,0.6743955530186662,1
1,0.9519001741387785,1
0,0.13363018284921896,0
1,0.9890805865859024,1
1,0.9086004426162531,1
1,0.16630177494218035,0
1,0.9272673793420685,1
1,0.9315472362095104,1
0,0.4413932195695083,0
0,0.23270708707820364,0
0,0.1596088057270097,0
1,0.9949313740677008,1
0,0.3601953546277918,0
1,0.7157916283130206,1
0,0.1900448008921743,0
0,0.5773183917390188,1
1,0.9397753841796201,1
0,0.07444224095128968,0
0,0.23089801749251698,0
0,0.222004463654985,0
0,0.09682846607455839,0
1,0.9965398406775863,1
1,0.8989029927166944,1
0,0.5525537139330685,1
0,0.132254445714498,0
1,0.8481191575780016,1
1,0.9886371855189592,1
1,0.9961507356144723,1
1,0.24509192622157283,0
0,0.1933820590600268,0
1,0.9846515460114507,1
1,0.34325744143153386,0
0,0.24758906414055482,0
1,0.9930938877523681,1
0,0.6945856807833328,1
0,0.12775358686063978,0
0,0.12002276728121362,0
1,0.9926212023800725,1
1,0.16782897204451536,0
1,0.7122797241471099,1
1,0.989357011226776,1
1,0.2839367939358023,0
0,0.12643863517449613,0
0,0.02772881013797643,0
0,0.24774753728763604,0
1,0.9843571431366434,1
0,0.1271647855376114,0
1,0.47898794592830274,0
0,0.32261537465917817,0
0,0.04584366581383377,0
0,0.03512862712824429,0
0,0.6068683545620761,1
1,0.985450272386649,1
1,0.9979196329251352,1
1,0.9743822418774675,1
0,0.12478738496846928,0
1,0.9585967649402216,1
0,0.051727088599703964,0
1,0.9751221031555529,1
0,0.14878751169651067,0
1,0.9904832650411386,1
0,0.1435648077219101,0
1,0.8395801414592067,1
1,0.9367771927640375,1
0,0.5148812492887174,1
0,0.6448464888410615,1
1,0.28282380040697475,0
1,0.9888298847075578,1
1,0.4375614972853276,0
0,0.20072400230589238,0
1,0.8666704625623698,1
0,0.020848663763092908,0
1,0.5146302564010657,1
1,0.9912570869429577,1
0,0.30470681794070753,0
1,0.9096597221960456,1
0,0.12116051441154174,0
0,0.4407741999688354,0
1,0.4950656242250375,0
0,0.2251779414720428,0
1,0.5890873375222765,1
0,0.18726288430175603,0
1,0.9206546009709279,1
0,0.23242623234349563,0
1,0.620534127227518,1
0,0.35495096731947334,0
1,0.43956725311356826,0
0,0.24888425339630532,0
1,0.8738431307848007,1
0,0.3685331293393814,0
0,0.3419074872627583,0
1,0.9699129015403793,1
0,0.09218370137289761,0
0,0.12091759603059458,0
1,0.8756756852532059,1
1,0.9750986077191355,1
0,0.4512788698049631,0
0,0.3904992217077547,0
1,0.6954557210700352,1
0,0.03246632550521083,0
1,0.8101231495355847,1
1,0.66863361373413,1
0,0.07591708177991825,0
0,0.20993631346266728,0
0,0.5906504237174397,1
1,0.35185741840465157,0
1,0.9392454077410097,1
0,0.08751513724223062,0
0,0.021847026988898226,0
1,0.5667196531385867,1
1,0.869157496802393,1
0,0.5857731451926027,1
0,0.03847561959643474,0
1,0.08118539583971962,0
1,0.9101811467749654,1
1,0.7204051573462873,1
1,0.9618965635993448,1
0,0.4024138200425975,0
1,0.9013052332455995,1
1,0.9801628474833715,1
0,0.634106966247728,1
1,0.28119840166471566,0
1,0.6593391111969182,1
0,0.27900835217899556,0
1,0.9818044539079354,1
0,0.12617925126906274,0
0,0.4387802328660556,0
0,0.1482313329825886,0
0,0.1532965439834978,0
1,0.8191257333015629,1
0,0.31444326854962723,0
1,0.8942817152180946,1
1,0.11741420302064687,0
1,0.992466677752843,1
1,0.9842024651478501,1
1,0.9894099174542336,1
1,0.36352333131776227,0
0,0.2785072601328817,0
1,0.9918413025573927,1
0,0.23079294813934698,0
1,0.3448677860531597,0
1,0.991963214946729,1
0,0.2978518005894949,0
1,0.9875861738353364,1
0,0.2280801581517341,0
1,0.9308179697435295,1
0,0.8687116930394174,1
0,0.3228219261507994,0
0,0.7737609367851086,1
0,0.034297776734479334,0
0,0.11817913453486642,0
1,0.9152708967375438,1
0,0.5330472328074166,1
0,0.02698547220844479,0
0,0.7163029430593317,1
0,0.3394568539536287,0
0,0.1868020624660812,0
1,0.9316106067050203,1
1,0.46810368680899916,0
0,0.049641797701398385,0
1,0.1919042143647201,0
0,0.08550192876229509,0
0,0.5272728330384778,1
1,0.341759121371095,0
0,0.04255251071024023,0
0,0.014018558416335241,0
0,0.13973234394059056,0
1,0.7279429451121285,1
0,0.10062123022025252,0
0,0.5265167224315079,1
1,0.28684940899522116,0
0,0.3052888890866735,0
0,0.4641448890126578,0
0,0.15636050731685788,0
0,0.043535577153476425,0
1,0.4718952275532733,0
0,0.26203558671822197,0
1,0.971438933955407,1
0,0.34486413406708183,0
0,0.24690581423819802,0
0,0.10161728281364667,0
1,0.976862477629181,1
0,0.11551695229700606,0
0,0.0605330381541315,0
1,0.22535674220820665,0
1,0.5940385125795502,1
0,0.7260848492815862,1
0,0.8255984236040489,1
0,0.04802976922077169,0
1,0.9913770348284168,1
0,0.14853588834690423,0
1,0.5381551155832494,1
0,0.19458396728069938,0
0,0.21458861243374572,0
1,0.5681162022803494,1
0,0.09320446106501412,0
1,0.936514210252531,1
0,0.23713104398836715,0
1,0.9707756135112267,1
1,0.938952569417445,1
1,0.9905209742864016,1
0,0.20660013481337292,0
1,0.7866846896002917,1
0,0.21811779418541616,0
0,0.21678407475041395,0
0,0.23919931027414482,0
0,0.405721880487388,0
0,0.5382453042644655,1
0,0.8964564625059082,1
0,0.047552510710240234,0
1,0.9975014867638349,1
0,0.060969351376111494,0
1,0.9898699222129532,1
1,0.9840850073924552,1
0,0.09369181879995818,0
0,0.3675622942225715,0
0,0.23284133293327305,0
1,0.3494077262272085,0
1,0.8350998977950553,1
1,0.29898915291765804,0
1,0.9912611257215248,1
0,0.19269795466533493,0
0,0.3346745398274761,0
1,0.2712944016149774,0
1,0.8697669732289308,1
1,0.9916097220329732,1
1,0.8511862427546213,1
0,0.18447201761005622,0
0,0.296257584636971,0
1,0.8731653598527385,1
0,0.17302569552358668,0
0,0.5261313805590471,1
0,0.2644545112571869,0
1,0.833294914824156,1
0,0.11581169479788725,0
1,0.4078764030241174,0
0,0.5482755466412381,1
0,0.3549314111153575,0
1,0.5292688571224031,1
1,0.9505861666574646,1
1,0.7368261972785775,1
0,0.03558344573936602,0
0,0.3945904949414375,0
0,0.21166575426243703,0
1,0.9321714857447478,1
0,0.28286030807022006,0
0,0.13642053585938216,0
1,0.688550858736712,1
0,0.13844086479417197,0
1,0.8772257363467801,1
1,0.4445298611154633,0
1,0.9497161083669234,1
0,0.10000369257157093,0
1,0.1027953531424376,0
0,0.1721515639348332,0
1,0.9252482162075341,1
0,0.05427287586026526,0
1,0.8098618884232435,1
1,0.29167122068569856,0
0,0.038343056427645815,0
1,0.9897910598544473,1
1,0.9486141996705317,1
1,0.6069466165887869,1
0,0.07609181272877949,0
1,0.9825622209509908,1
0,0.2336064105061615,0
0,0.19835082385098998,0
1,0.990390168121589,1
0,0.12944756228754595,0
0,0.023831719454087803,0
0,0.032864456199704975,0
1,0.2346695697421906,0
0,0.06174108077323867,0
1,0.635871780980195,1
1,0.9907195174223147,1
1,0.9866254218561245,1
0,0.24696256633763575,0
1,0.988432581849858,1
1,0.7582139663596714,1
0,0.32696256633763576,0
0,0.024633160832400684,0
0,0.3710212109212388,0
0,0.21187225690660744,0
1,0.9901921123310562,1
1,0.9911082238356413,1
0,0.7889000352079685,1
0,0.29794198084920603,0
0,0.6138044991434186,1
0,0.21204273484055947,0
1,0.9890854215977635,1
0,0.09892543739010788,0
0,0.5297379548799837,1
1,0.9253038347452278,1
0,0.29426863891206817,0
0,0.5877563384619188,1
0,0.370961834108149,0
1,0.7538676327631908,1
1,0.46321680483807304,0
1,0.1403093517754171,0
0,0.07575670526814693,0
0,0.595559369375608,1
1,0.9918469344174798,1
0,0.00987337104729144,0
0,0.4468855447511369,0
0,0.27941449621921716,0
1,0.7026819047334282,1
0,0.47343600790121015,0
1,0.9914379845786894,1
0,0.19629650641135132,0
0,0.28718481141462987,0
0,0.025596440992752174,0
0,0.42872071117753374,0
0,0.05240686056043599,0
0,0.3088073723055804,0
1,0.84326275717164,1
1,0.7333352296306768,1
0,0.23015281809163465,0
0,0.5459644265393335,1
1,0.9755524328133827,1
0,0.23126230914605264,0
1,0.7351171473451645,1
0,0.15858819685703762,0
1,0.9486337815926896,1
0,0.4461835440560905,0
1,0.9910632088793192,1
0,0.009413779034824283,0
0,0.30567850172343475,0
1,0.9143998811553,1
1,0.9937870603872696,1
0,0.14645387952138794,0
0,0.29902542701659185,0
0,0.16751924343216434,0
0,0.08612820833646084,0
1,0.8799156639362552,1
1,0.8736271055560958,1
1,0.8454669374519114,1
0,0.14660792850018817,0
1,0.7172281835350303,1
1,0.6785570849372291,1
0,0.2657426337760455,0
0,0.16131652210798714,0
1,0.4065975604013483,0
0,0.49901068815475413,0
0,0.11792637938690814,0
1,0.6744607774626041,1
0,0.2849698861069273,0
1,0.9887833523255529,1
1,0.3907910384619983,0
1,0.9852785512617162,1
1,0.07094624560073595,0
1,0.6511390719953905,1
1,0.9756534863012232,1
1,0.9838847490922223,1
0,0.03740686056043599,0
1,0.9731067948516264,1
1,0.5958532021552441,1
1,0.9088971665438155,1
0,0.2968824565099017,0
1,0.5006039487921174,1
0,0.33942575344666226,0
0,0.20435608643732248,0
0,0.27388382332482675,0
0,0.16026222275149699,0
1,0.18870331989178057,0
0,0.30426442311008406,0
1,0.9801306448611183,1
1,0.958039207898085,1
1,0.6790168637838572,1
1,0.9041938325316976,1
0,0.4086838251577383,0
1,0.9704367623421687,1
0,0.4803291646760466,0
1,0.8806887399185798,1
0,0.2987307647264632,0
1,0.17876068042719825,0
0,0.2232770395618205,0
0,0.008187053265188978,0
0,0.23027434303114133,0
0,0.381921360853848,0
1,0.9844721011175146,1
0,0.09958926564943167,0
0,0.15525482400842622,0
0,0.38991084207345195,0
0,0.6269548872987806,1
1,0.9125185910660343,1
0,0.21306302145175995,0
0,0.15912469576766503,0
0,0.2659075732050806,0
1,0.9908540483181647,1
1,0.9770020894103302,1
1,0.46219539311017765,0
0,0.036007352876937085,0
0,0.7287827116417445,1
1,0.7147494551157692,1
1,0.9237311697488766,1
1,0.8975095047164545,1
0,0.06360118829822207,0
0,0.05660427354055505,0
0,0.14758373655020549,0
0,0.11421509177123351,0
1,0.9656059105417738,1
0,0.04364271054862995,0
1,0.3193295042322023,0
1,0.1609188983192652,0
0,0.23315906424599503,0
1,0.9450425509077476,1
0,0.11147252368535188,0
1,0.21428639494455934,0
0,0.042356033170312044,0
0,0.17068311965090954,0
0,0.4415691075095741,0
0,0.07934746643613624,0
0,0.015535238243293416,0
0,0.09608420617792762,0
0,0.023790254577749446,0
1,0.9880403924342435,1
0,0.018307651915618665,0
1,0.9808880991695821,1
1,0.8369068219168483,1
1,0.5890860480816704,1
0,0.3540416565303023,0
0,0.18689839208624565,0
0,0.5679622463321817,1
0,0.2504349192253448,0
1,0.9900986077191354,1
1,0.10865292248268907,0
0,0.07777564219104102,0
0,0.4816368711455633,0
0,0.39603819395754475,0
1,0.7674120255862051,1
0,0.16010257788590648,0
1,0.9757710667503312,1
0,0.14389945190094805,0
0,0.15887892968823786,0
1,0.9104482155665892,1
0,0.173249730303766,0
1,0.8955706663264182,1
1,0.8914962185568179,1
1,0.04984821948043006,0
0,0.00417995091208023,0
1,0.9905578630944063,1
0,0.1744627216969057,0
0,0.1662283047144621,0
1,0.8880149626325406,1
1,0.31185072260837937,0
0,0.04538610458619279,0
1,0.9748156370643302,1
1,0.41310905954664,0
1,0.2886399698368777,0
1,0.986972610739302,1
1,0.9751036437366303,1
0,0.0839150882089178,0
0,0.1347279412860004,0
0,0.41364036199168885,0
1,0.9817893912899113,1
1,0.9649894497312883,1
1,0.4103553702566122,0
1,0.7853501395066118,1
0,0.09998995217188347,0
0,0.14154270879698652,0
0,0.46229422646811386,0
0,0.4210778454216094,0
0,0.027659633195855998,0
1,0.4629403592264606,0
0,0.6412246052910547,1
1,0.3515803155542768,0
1,0.28108580580189657,0
0,0.10571070848981837,0
0,0.3147415316949858,0
0,0.020848663763092908,0
0,0.13801666116116662,0
0,0.4852978417162799,0
0,0.1488383944651292,0
1,0.9656616010352365,1
1,0.9439602001396481,1
0,0.30616406250834644,0
0,0.08853372234906959,0
0,0.42672538935949955,0
1,0.793964171139772,1
1,0.9895620606602393,1
0,0.6343826032715595,1
0,0.6047683270157234,1
0,0.7001780214915783,1
0,0.14086995767464047,0
1,0.9185400392090888,1
0,0.35834895031448055,0
0,0.03255251071024023,0
0,0.05841776309627162,0
1,0.2535841525290771,0
0,0.523203882483886,1
1,0.9740962302858853,1
1,0.4760049617061476,0
0,0.22157864918466574,0
1,0.4041117227777926,0
1,0.8062707982347155,1
0,0.09549899516596656,0
0,0.5814068843095497,1
1,0.7981080272385652,1
1,0.8529207128740666,1
0,0.09135985668765956,0
0,0.5037669610664872,1
1,0.9826563604682177,1
0,0.1357759888528532,0
1,0.5326001244149935,1
0,0.042546741346817935,0
0,0.33717273375440376,0
1,0.10785865847572956,0
0,0.17958787583477784,0
0,0.44654437680838527,0
1,0.8781559643868004,1
0,0.20189960410729219,0
1,0.9960329220984024,1
1,0.9485406481622991,1
1,0.7633099022802038,1
1,0.6773761494397161,1
1,0.8013624490341227,1
1,0.55234737886496,1
0,0.20985234942571246,0
1,0.9852788026475884,1
0,0.5454809090984922,1
0,0.06788898201642832,0
1,0.1829780826306574,0
0,0.3381179472734287,0
1,0.82110226060559,1
1,0.9878035796737196,1
1,0.19967359162138743,0
0,0.4740074657402975,0
1,0.8901672634581512,1
1,0.46792030263677165,0
0,0.017066535066980693,0
0,0.0690577515921066,0
1,0.8723468497398805,1
1,0.9526995071331222,1
0,0.07236649918766846,0
1,0.9929454227970809,1
0,0.1461210994777249,0
1,0.8895079461011965,1
0,0.03077705050056713,0
1,0.988062287173268,1
1,0.9680427091931696,1
0,0.3533017060434836,0
0,0.15408586186366952,0
0,0.15665158783977529,0
0,0.11338700652114352,0
1,0.9532512491803462,1
1,0.5115468801670235,1
0,0.14055520391631407,0
0,0.0037411979535239568,0
0,0.42908267618661844,0
1,0.9015218516107544,1
1,0.99156326864441,1
0,0.17428046715236603,0
1,0.7483750619096403,1
1,0.2840532092605764,0
0,0.21341570698650453,0
1,0.9403717600179493,1
0,0.22473315591220594,0
1,0.2271372820413025,0
0,0.647437307572827,1
0,0.18774775193648813,0
0,0.15123073173612522,0
1,0.7789713876878361,1
0,0.23040178230858635,0
1,0.8646446575247526,1
0,0.20156114285866084,0
1,0.8791737277961627,1
1,0.9841756023277537,1
1,0.9291816991789883,1
0,0.068934338050019,0
0,0.310975252387376,0
0,0.12456109901932587,0
1,0.546705887569829,1
1,0.9332671131529746,1
0,0.2163510284807887,0
0,0.15458328167143218,0
1,0.9387231286099188,1
1,0.9857397075410829,1
0,0.024207059134785852,0
0,0.1382733278514845,0
1,0.9707670074082337,1
1,0.8962329784677483,1
0,0.19096516066244104,0
0,0.24754232761807066,0
1,0.8648823671878054,1
0,0.008920094253704028,0
0,0.5503289616644134,1
0,0.1134634558770117,0
0,0.21448034719566084,0
0,0.10677510998305906,0
0,0.17338583530122043,0
0,0.03020741780647313,0
0,0.3473145977867604,0
1,0.7297884223427283,1
1,0.9913650435962373,1
0,0.0982165157978174,0
1,0.6544013611129516,1
1,0.9705047221350982,1
1,0.9364592409986362,1
0,0.015609231301944686,0
1,0.3114361766619559,0
0,0.17854713045150147,0
1,0.9308782977441477,1
0,0.29330118644244163,0
0,0.09168054937601865,0
0,0.5555196321433824,1
0,0.19316600799750405,0
0,0.05317969550128798,0
1,0.8639192824238207,1
0,0.12741660481602796,0
1,0.9890655586290794,1
1,0.9860839999959723,1
1,0.20465118404380853,0
0,0.3880633117691145,0
1,0.5953120293269571,1
1,0.8837246996870991,1
0,0.23086189663453094,0
1,0.3644724888758515,0
1,0.9127828851916048,1
0,0.15135813445564683,0
1,0.9823912204336905,1
0,0.48003175042624424,0
1,0.6738443440000217,1
1,0.9219497748670726,1
1,0.995868550109141,1
1,0.858772525543088,1
1,0.6323760393050957,1
1,0.9855454230622502,1
1,0.9785126628604137,1
1,0.6554869359443346,1
0,0.014853983478158804,0
0,0.025940481721467037,0
1,0.1066960746748723,0
0,0.004124533183798959,0
0,0.4275247726479908,0
0,0.515262398957858,1
1,0.4310451301973572,0
1,0.1670692744393628,0
1,0.3086761373907295,0
0,0.3700157243851087,0
0,0.34105624293359227,0
1,0.992058195854958,1
1,0.44603655992184565,0
1,0.3961475081615117,0
0,0.4770769309151329,0
1,0.45387119848809976,0
0,0.4926395155600709,0
1,0.991322058858714,1
1,0.9870422973693418,1
0,0.19901560774688923,0
0,0.09439634462749519,0
1,0.9861639179601762,1
1,0.9894628653021744,1
0,0.12416085990908406,0
0,0.2501124068922652,0
1,0.9581982514760654,1
0,0.19294780678949633,0
1,0.9367429445044091,1
0,0.27204032165059255,0
0,0.24582677047580453,0
1,0.9596163602769942,1
1,0.48109796220152223,0
0,0.04571867827318417,0
0,0.08617967124562952,0
0,0.2334158436742289,0
1,0.9883414764211753,1
1,0.9846689784753238,1
1,0.8541041353748944,1
0,0.3041344942368161,0
0,0.027955834783026476,0
0,0.6629752247305496,1
1,0.9865126317530362,1
1,0.9910368195200232,1
0,0.1792402974073836,0
0,0.2568247727661466,0
1,0.8804205176214641,1
1,0.9913682625396447,1
1,0.22931568920402137,0
0,0.13062062733704508,0
1,0.9923445060065548,1
0,0.23539927824049864,0
1,0.9666143758623604,1
1,0.9904504127566414,1
0,0.04386052551712575,0
0,0.11371339056231003,0
1,0.18311094052167898,0
1,0.4453401763721704,0
1,0.987106812563016,1
0,0.17914194359484756,0
1,0.6915507620246291,1
1,0.9904701095731326,1
0,0.04287954691733071,0
1,0.9860277822002248,1
0,0.026562788005491722,0
1,0.9768238723739838,1
0,0.36582716200815313,0
1,0.15155955929121623,0
0,0.05303157915083059,0
0,0.5040756665702502,1
0,0.10747621461813574,0
0,0.048179695501287985,0
0,0.1058285403601899,0
0,0.34942932351867173,0
1,0.9282190333755462,1
0,0.06274223667507799,0
1,0.8531695524120442,1
1,0.7909324260129593,1
1,0.9855494789279138,1
0,0.1062422740434549,0
1,0.9797725580748914,1
1,0.9962536529055697,1
1,0.2640794918999237,0
0,0.223162198392881,0
0,0.23475789835040461,0
0,0.47085662642585124,0
0,0.07676219605647669,0
0,0.02502117489120797,0
1,0.9863392617510882,1
0,0.33584399970263634,0
1,0.9917696368714697,1
0,0.09303663140286754,0
0,0.12026436383568312,0
1,0.990524586429142,1
0,0.18871042993893603,0
0,0.05041503792586666,0
0,0.20414627755190182,0
1,0.6269544694408904,1
0,0.29903354711470354,0
1,0.983060901232077,1
1,0.2521936955194205,0
0,0.39561434656615246,0
0,0.2518512111771537,0
0,0.03220083828326783,0
1,0.992290040568876,1
1,0.601795885885251,1
0,0.7015899054926757,1
1,0.9679532440481402,1
0,0.24627143004371735,0
0,0.12682473340143602,0
1,0.9920937154396705,1
1,0.8073748094499427,1
1,0.08223116693964043,0
1,0.6607774724373692,1
0,0.2424982054905046,0
1,0.3600372171397864,0
1,0.9853468541729329,1
1,0.26568347033032413,0
0,0.1703174925941375,0
1,0.3821837815530392,0
1,0.764308666447491,1
0,0.3339044277410965,0
1,0.9659417155771062,1
0,0.059792618584641126,0
0,0.10939219945781006,0
1,0.0647836637460629,0
1,0.8953810373860058,1
0,0.19876605227371616,0
1,0.979667272027876,1
1,0.989824112403233,1
1,0.858739603557052,1
1,0.9928401830351397,1
1,0.6794225440274688,1
0,0.16893480139989564,0
0,0.00459905484394058,0
1,0.5797543189055983,1
0,0.4542560158594966,0
0,0.07690346515551255,0
0,0.11382123477701825,0
0,0.06714866370803163,0
0,0.253597869120394,0
1,0.9902374988250562,1
1,0.6133074897949835,1
0,0.10744051826879263,0
0,0.08500229462191011,0
1,0.6003352978530643,1
1,0.3900586996860348,0
0,0.21530803211718022,0
1,0.5669450503095114,1
0,0.03137472433451158,0
1,0.9850601955033859,1
1,0.9923087970991382,1
0,0.21109591614656242,0
0,0.22564371147880202,0
1,0.24043865028167055,0
1,0.9942757233107979,1
1,0.7523514100249201,1
1,0.9153218795286726,1
0,0.07847768047523739,0
1,0.9123364912421457,1
0,0.02501191486511481,0
1,0.6883904410399536,1
1,0.975698042189952,1
1,0.8780948931383785,1
1,0.1660246143310689,0
0,0.20906466353964592,0
1,0.3084657928182206,0
1,0.9829025543034511,1
1,0.8136825300998503,1
1,0.16243471721689892,0
0,0.6428321543016542,1
0,0.07744105669787224,0
0,0.19684015552168388,0
1,0.8801009931169278,1
1,0.963508885105065,1
1,0.8831388309631925,1
1,0.991497070049167,1
0,0.1396512773770335,0
0,0.22868952551411156,0
1,0.9138921674912202,1
0,0.0558545429351866,0
0,0.04452622097986343,0
0,0.2707921258852447,0
1,0.9277309526563291,1
0,0.07191699418201344,0
1,0.9691986782422036,1
0,0.25053370663017105,0
1,0.7499069155139434,1
1,0.9477691964305149,1
0,0.049673537583873675,0
0,0.21797124986192007,0
1,0.4261772967379117,0
1,0.4992994422028417,0
1,0.9136567829968734,1
1,0.3489572748140075,0
1,0.7589258101947043,1
0,0.06472243510190477,0
1,0.8364249227419711,1
1,0.9758291446265848,1
1,0.8429831331158978,1
0,0.13933561877832865,0
1,0.5242610566167323,1
1,0.07649906397531855,0
0,0.19086415005729088,0
0,0.2582889102525193,0
0,0.3162108842556189,0
1,0.8582005649939295,1
0,0.18900018890930925,0
0,0.22561654259500363,0
1,0.8936262655296989,1
0,0.15759735875090125,0
1,0.16453622214551317,0
0,0.4166924511474594,0
0,0.15860258952855533,0
0,0.351208715792788,0
1,0.8929057845101873,1
0,0.36002199796424217,0
0,0.16172785791209687,0
1,0.4823175929783489,0
1,0.2695467174283517,0
1,0.9791614394007779,1
1,0.14685534101942843,0
1,0.404585404152515,0
0,0.038733622679953,0
0,0.33419074999268134,0
0,0.3617386947924761,0
0,0.17657750050981844,0
1,0.7903082539249586,1
0,0.5662246052910547,1
0,0.04328068492599649,0
0,0.09327223191916424,0
1,0.9793628328571149,1
1,0.5590759357948512,1
1,0.9816630775175295,1
0,0.015675387478816756,0
0,0.1430885441008537,0
1,0.9905318575457043,1
0,0.02815179094297307,0
0,0.23669197575913936,0
0,0.26162790389139867,0
1,0.8420395464524815,1
0,0.24038424813726994,0
0,0.06704009612079133,0
1,0.9879670405621179,1
0,0.5588624694497777,1
0,0.5022777301377885,1
1,0.949743922799898,1
0,0.1807974442663866,0
0,0.021023621154295128,0
1,0.9886223350930503,1
0,0.009107096902180062,0
0,0.047009763733499244,0
1,0.991533442846504,1
0,0.1585971636879977,0
1,0.9422957349027059,1
1,0.9907439607112649,1
1,0.9833449719943748,1
0,0.1274969137264818,0
0,0.16271311781982167,0
0,0.12534409249532963,0
1,0.9864962897188545,1
1,0.7624615579361125,1
0,0.24877268280902545,0
1,0.19416260946042554,0
1,0.8189834623942769,1
0,0.01879154102011786,0
1,0.38726518886240757,0
1,0.9431579585491814,1
1,0.38785113059219184,0
0,0.3050866191276876,0
0,0.7673451961982074,1
0,0.137452578748226,0
0,0.13884067020592267,0
1,0.9878990846549834,1
0,0.4486153745392205,0
1,0.9107325729725968,1
1,0.2149049585696674,0
1,0.1515313222254664,0
1,0.8193213110038067,1
1,0.9343414822427881,1
1,0.20777817710100047,0
0,0.06196151816105106,0
1,0.886835114176207,1
0,0.07825022802578882,0
1,0.9885150558715181,1
1,0.8442815468489673,1
0,0.4914068843095496,0
1,0.2554131320445161,0
1,0.9922812253302231,1
1,0.91684914389542,1
1,0.2502492890044979,0
0,0.30201668645070856,0
1,0.9913993361469122,1
1,0.9708010021302305,1
0,0.31405007867278123,0
0,0.27561794018396213,0
1,0.9041883795624264,1
1,0.9848872104198988,1
1,0.9695450304991333,1
0,0.570770324433951,1
0,0.0485147632251363,0
1,0.33320421720968524,0
0,0.2239542890585339,0
0,0.2040848786831777,0
0,0.3918941789466688,0
1,0.7904843177248757,1
0,0.3995683904322206,0
1,0.3064196058587412,0
0,0.15340030366368582,0
0,0.15576692519275265,0
1,0.9738369372890541,1
0,0.24348582111627026,0
0,0.01079143729747884,0
1,0.15527888057053035,0
1,0.6163387695306228,1
1,0.7975683854056467,1
0,0.18808163317894122,0
1,0.49972645326948806,0
0,0.2567019374816799,0
0,0.4967321744080088,0
0,0.7509311833875717,1
0,0.13935989967675175,0
1,0.6475709663430003,1
1,0.3610902458556253,0
0,0.0781437787558365,0
0,0.19718710591060684,0
0,0.043929224944136355,0
1,0.9790807488200003,1
0,0.7966716811007699,1
0,0.14120676294906057,0
1,0.9402286775600734,1
1,0.5512377067087839,1
0,0.5633368127057338,1
1,0.9247236642652689,1
1,0.9539391735927693,1
0,0.6794711563358986,1
0,0.133722906631556,0
0,0.28312133019804503,0
1,0.44385327672820274,0
1,0.9243700871280561,1
0,0.5508160297784942,1
1,0.27305354204440235,0
1,0.5095311489722976,1
0,0.12037517785815112,0
1,0.9818455250097038,1
0,0.24936230451324196,0
1,0.9844651286613703,1
1,0.45190374895575824,0
1,0.8616341481626059,1
1,0.3943760825369228,0
0,0.33463251428698537,0
1,0.6162924052018659,1
0,0.683807312694849,1
1,0.9136656662432354,1
0,0.14700047291419233,0
0,0.08926677887962285,0
0,0.1568502062556085,0
1,0.9380122003847069,1
0,0.39733604509139964,0
0,0.0191271385730854,0
1,0.9902391757825919,1
0,0.31847051378671437,0
0,0.10177039350754233,0
1,0.9900310755710072,1
1,0.6779099674589322,1
0,0.48694464318537,0
1,0.9815830834755558,1
1,0.7764361953417391,1
0,0.08388001609773085,0
0,0.16633177734852636,0
1,0.26546955171874664,0
1,0.9969503774292002,1
0,0.040403829138910434,0
0,0.5194863130518552,1
1,0.7860612762262202,1
0,0.057127036503929945,0
0,0.6040809587522723,1
0,0.1484446530238494,0
0,0.38396192797356565,0
1,0.5763546962734611,1
0,0.18204354801881903,0
0,0.6554564969631238,1
0,0.17362199294758873,0
0,0.16584073538191255,0
0,0.03266034819586291,0
1,0.4367748607459974,0
1,0.8366876092872595,1
1,0.5818392225706975,1
1,0.36884953748975247,0
1,0.762063570992544,1
1,0.9950614335671639,1
1,0.9828445935428396,1
0,0.1383005215020497,0
1,0.23654636340818203,0
0,0.37256851684103276,0
0,0.12887739480657961,0
1,0.9147621148576519,1
1,0.9601572246894359,1
0,0.01001461496259208,0
0,0.20990765726885358,0
1,0.9826583689461846,1
1,0.200121024921962,0
0,0.1444696820253657,0
1,0.9255985284445363,1
0,0.19349782449071817,0
1,0.45600474432461324,0
0,0.2455817877212237,0
1,0.9911794949740449,1
0,0.5916775237572078,1
0,0.3264933098257916,0
0,0.13979806195420433,0
1,0.9880255022128259,1
0,0.0955853536687277,0
0,0.09557643865134513,0
1,0.5043980203699876,1
1,0.4195329536113105,0
1,0.381911765315223,0
0,0.2768597032875546,0
0,0.2784858211162703,0
1,0.9718641325543071,1
1,0.39516005528590514,0
1,0.9856390055592374,1
0,0.10909054368868999,0
0,0.07307834244924166,0
1,0.6948927587926221,1
0,0.021436441744647358,0
1,0.9333478169807661,1
1,0.9933297036017585,1
0,0.2285373709912349,0
0,0.37093032111963564,0
0,0.07245878278478267,0
0,0.17932841419957948,0
1,0.9054394968033892,1
1,0.9320904239993495,1
0,0.3123617172592529,0
0,0.021340947531342802,0
0,0.06028583696917063,0
0,0.1347258852030553,0
0,0.17163355672177577,0
0,0.6006247840090274,1
0,0.04302308919050479,0
0,0.09262184008717805,0
0,0.05234490821900198,0
1,0.9857942783728979,1
1,0.7105348191581208,1
1,0.9511006004658205,1
1,0.9822537386145058,1
1,0.9438367554083231,1
1,0.9779649651984059,1
0,0.20645578292661085,0
0,0.41157361152314115,0
1,0.9917380141124573,1
0,0.06463099495537555,0
0,0.6372489218763919,1
1,0.8837568006065881,1
0,0.15218152094382498,0
1,0.9973237274968614,1
1,0.993152184967893,1
1,0.38695494385494755,0
1,0.4031008514885769,0
0,0.7454707334370666,1
1,0.9921425820340345,1
1,0.9277616194163698,1
0,0.07898307649098452,0
1,0.6847399628237473,1
0,0.11488273325505075,0
1,0.9934805439722583,1
0,0.10899061774530139,0
0,0.38215925837328346,0
1,0.9936502867085616,1
1,0.8958655934072024,1
1,0.7825985436549263,1
0,0.2244275108585363,0
1,0.8860148067020149,1
0,0.043618307022927384,0
0,0.6045562039119063,1
1,0.9868594764027925,1
0,0.7992174836987196,1
1,0.99093386174763,1
0,0.7942090607171592,1
1,0.41092518565003694,0
1,0.7907353540662859,1
0,0.2749059456827858,0
1,0.07374504707688972,0
1,0.9025372658478729,1
1,0.3341900212195429,0
0,0.43605439815354774,0
0,0.6834740390158156,1
1,0.9870237787636925,1
0,0.3899801263055065,0
0,0.37757372604913575,0
0,0.09486902145899336,0
0,0.029652268777657347,0
1,0.9937495169794357,1
0,0.3170019597769217,0
1,0.8701659355876064,1
1,0.9977311384927943,1
0,0.6323771566441982,1
0,0.6196884564613698,1
0,0.21644172828339753,0
1,0.9850216625076378,1
1,0.9952537050770958,1
1,0.45550458682896,0
1,0.9369693209149033,1
0,0.1687528715605442,0
0,0.2764522616577543,0
1,0.9812317300162688,1
1,0.9729744326333494,1
1,0.9923230722792205,1
1,0.8020220245677874,1
1,0.8374834127970548,1
0,0.02755251071024023,0
0,0.20173868576128412,0
0,0.3229917222036709,0
0,0.304063986105817,0
1,0.4036638320526956,0
0,0.09678301000966977,0
0,0.14337971162880056,0
0,0.1605477341867116,0
0,0.7596068250689996,1
1,0.9438367554083231,1
0,0.26258128712517165,0
1,0.6517391530137359,1
1,0.90343476169059,1
1,0.9811836516251393,1
0,0.441707844374913,0
0,0.4856248761506976,0
0,0.7840661150880299,1
0,0.15732889438525155,0
0,0.33181229976057836,0
0,0.512082478713142,1
1,0.4435460181871197,0
1,0.9760919791032825,1
1,0.9779452052804276,1
1,0.8435141361444404,1
0,0.1575410043384991,0
0,0.014506316453415321,0
1,0.8236150396549106,1
0,0.39856459607647554,0
1,0.9659762698845424,1
0,0.13399061774530138,0
0,0.04392256916401871,0
1,0.8621781914631119,1
1,0.9855539568915663,1
1,0.9861457123815528,1
1,0.8693304386028192,1
0,0.13601363697361218,0
1,0.971647572785244,1
1,0.9883685131905204,1
1,0.9845078012447962,1
1,0.8158949570506773,1
0,0.28338681536446503,0
1,0.992326841727809,1
1,0.3082884959153508,0
1,0.9928725906321033,1
1,0.36653850246741565,0
0,0.12484945297280242,0
1,0.7533460967784981,1
1,0.9796941155843053,1
0,0.023145608135081423,0
0,0.26968746278437916,0
0,0.21828415912049548,0
0,0.22076187082733612,0
0,0.4554481802219291,0
0,0.4396985217688909,0
0,0.14260937453231398,0
0,0.31913955921665754,0
1,0.8372687051274348,1
0,0.016061832075922308,0
0,0.6809076182558647,1
1,0.9614518692343492,1
1,0.2743721762180722,0
1,0.46622523664201454,0
1,0.987004303359045,1
1,0.6387967265106849,1
0,0.5672127229382317,1
0,0.3016757591189436,0
1,0.7567275546755399,1
1,0.8380191934838905,1
0,0.6506067647291796,1
0,0.2516813868299627,0
0,0.2248931178496376,0
1,0.8643389910007324,1
0,0.0485254853454439,0
0,0.05957455219781887,0
1,0.9897976187587959,1
0,0.5683186939273106,1
1,0.9214028449949976,1
0,0.18622830471446208,0
1,0.9478025031265318,1
0,0.2278655942849257,0
1,0.8279978600328277,1
0,0.2788596922335189,0
0,0.3926973946051968,0
1,0.9458032305267212,1
0,0.47787252484015785,0
1,0.9543315452437167,1
1,0.2946835892826058,0
0,0.3696449628612589,0
1,0.9047621148576519,1
1,0.9767061013330831,1
0,0.40866333704381674,0
1,0.8473988731334698,1
0,0.15597322336339067,0
1,0.39356545578798496,0
1,0.9717744297268711,1
1,0.628210261096084,1
0,0.07506170470670234,0
0,0.18894064411115707,0
0,0.4375720051717378,0
1,0.9887121569847265,1
1,0.6185538294906605,1
0,0.19676469696459845,0
0,0.10239646040197173,0
1,0.8626164992270244,1
1,0.28111332388359767,0
0,0.10195190174746134,0
0,0.11064621323522614,0
0,0.318460583303708,0
1,0.991019217356317,1
0,0.22947319606081762,0
0,0.7293270510794405,1
0,0.28526141072373024,0
1,0.9938928213658725,1
0,0.22444819200397012,0
0,0.18155696928307102,0
1,0.3728483555124238,0
0,0.12153289574011035,0
1,0.9912604038795556,1
1,0.30075917830029636,0
1,0.9260599058026153,1
0,0.09747925862771967,0
0,0.015157020179124972,0
1,0.21096828424858524,0
0,0.34026207332315406,0
1,0.3344816845465359,0
1,0.5764746752353135,1
0,0.46746519049623914,0
0,0.4602627564581889,0
1,0.9781529146931924,1
1,0.9315044794316711,1
1,0.9925704886899807,1
0,0.030242030801864873,0
1,0.2114677220858665,0
1,0.9918131249392252,1
0,0.26640832084491917,0
0,0.2061003517878036,0
1,0.3573490085592237,0
0,0.10338592928028233,0
0,0.22046828259646192,0
0,0.48043684491145927,0
0,0.06317013145233835,0
1,0.9728416289667858,1
1,0.8165479523981056,1
1,0.7065215923382647,1
1,0.9883711851669372,1
0,0.22931372803940508,0
1,0.8346824422033474,1
0,0.13233797880027437,0
0,0.149475690563607,0
1,0.9965081970374889,1
1,0.8556989163463057,1
1,0.09707389881880121,0
1,0.729031215303295,1
0,0.11431663523359062,0
0,0.04507131244075467,0
0,0.4649266318059573,0
0,0.035456583804522525,0
0,0.2701355730493807,0
1,0.9566628511338435,1
0,0.33416457628071383,0
1,0.7499121002206728,1
1,0.10655685820010942,0
1,0.9877927381033078,1
0,0.3216550655857605,0
0,0.020787770732412964,0
0,0.1413728807730545,0
0,0.14922648511952064,0
1,0.9907709588055731,1
1,0.949461491073428,1
1,0.9893073739123233,1
0,0.009228309038697178,0
0,0.16956935420732516,0
1,0.9686557985966198,1
1,0.9993033459103635,1
0,0.10984389002981881,0
1,0.9871195772656709,1
0,0.41693740878682717,0
0,0.24115643354341176,0
1,0.9914119942702184,1
1,0.9538275630437985,1
1,0.5143857991911592,1
1,0.9907460274637492,1
1,0.9781291276179054,1
0,0.2893551202499601,0
0,0.055960113852197055,0
0,0.22160513080692337,0
1,0.3806172193536647,0
0,0.13835237863635572,0
1,0.9014017666665113,1
0,0.5863642735109992,1
1,0.9859542081736182,1
0,0.22256243865360512,0
1,0.10843809592045646,0
0,0.1831854840650045,0
0,0.18666680852543818,0
1,0.9168233553710166,1
1,0.9647748569227943,1
0,0.19478288965309903,0
1,0.869598723611161,1
0,0.20976202193709076,0
1,0.9126872212444397,1
0,0.8479169151055235,1
1,0.9913312102699662,1
0,0.5279766515180115,1
0,0.481469537403186,0
0,0.16955239265492617,0
1,0.9916083531810247,1
1,0.9431234825117432,1
1,0.8350272614310612,1
0,0.31353408837693886,0
1,0.9866399669283841,1
1,0.979406391590663,1
0,0.26386498751346504,0
0,0.2252313699947101,0
0,0.4414939585145984,0
1,0.9561754688812925,1
0,0.6039244843775946,1
0,0.41615661144781496,0
1,0.9888269339293141,1
0,0.17299265977790812,0
0,0.29496625846197544,0
1,0.32443742474742887,0
0,0.10913175536338007,0
0,0.6874701996137379,1
1,0.9890167934592687,1
0,0.6094479210042452,1
1,0.7933554987733107,1
1,0.5083640330298143,1
0,0.028795931581071042,0
1,0.5211757093001155,1
0,0.04069805361974371,0
0,0.28543973263645417,0
1,0.19335524131794452,0
1,0.6588794604709327,1
1,0.7068855009752064,1
1,0.7211652648959456,1
0,0.282408860242937,0
1,0.9489846144458625,1
0,0.15491378719812848,0
1,0.6996392050885694,1
0,0.5356431281086369,1
1,0.9975782704629793,1
0,0.11154830588214837,0
0,0.3069855846776408,0
1,0.5743769902417439,1
1,0.9807329474364778,1
0,0.117581518671526,0
0,0.2898726146391849,0
1,0.4422144290285165,0
1,0.9903026790554763,1
1,0.8512041262833734,1
0,0.005942124313353929,0
0,0.07436266254788879,0
0,0.16860465578938819,0
0,0.050616469309952075,0
0,0.0179732657694755,0
1,0.4853321365719185,0
1,0.9870927701257274,1
1,0.9613091793117757,1
0,0.2857079306555678,0
1,0.41583554054423477,0
0,0.25638595745007786,0
1,0.9860900658553806,1
0,0.2927929909718664,0
0,0.08598967377936548,0
1,0.980014631870922,1
1,0.9283719197591969,1
1,0.2668999592169185,0
0,0.2924513696332255,0
0,0.36359766873795163,0
0,0.06220166557870626,0
1,0.9762791723816076,1
0,0.2551736435976545,0
0,0.06187996640973857,0
0,0.5273741607022939,1
1,0.9840363652456564,1
0,0.017564329620629274,0
1,0.9920131150999494,1
1,0.49744432365602576,0
0,0.2621907537599695,0
0,0.11056192358375531,0
0,0.24498516876344845,0
1,0.3140439148781762,0
0,0.2923395987484097,0
0,0.06640204439086697,0
1,0.9268407143383344,1
0,0.025316436730612103,0
0,0.171233385264494,0
0,0.11221757882995456,0
1,0.9043004987642278,1
0,0.219900565657488,0
0,0.025940481721467037,0
0,0.8553576163595191,1
0,0.39545681337141037,0
0,0.18113927058165735,0
0,0.1613878612598902,0
1,0.8677789322801486,1
0,0.09528251860856346,0
0,0.45526295416758855,0
1,0.9849048720965569,1
1,0.988804750183314,1
0,0.2942800643179501,0
0,0.34722596863870925,0
1,0.9956707562503859,1
1,0.9079355188649871,1
0,0.11020963971883081,0
0,0.2337489725720706,0
1,0.8914134229746958,1
1,0.923852470933713,1
1,0.7589437412195847,1
0,0.20160844656892632,0
1,0.9918559588311726,1
0,0.2514317902270113,0
0,0.6104782873002699,1
0,0.18123516902223924,0
1,0.9319294265503804,1
1,0.5905608742263186,1
0,0.620630790213788,1
1,0.9910876270923181,1
0,0.6462586113349552,1
1,0.9906915158534939,1
0,0.10536208830188629,0
1,0.3342972001904343,0
0,0.17655846501288802,0
1,0.3541052397473953,0
0,0.08697459001911789,0
1,0.982992216683926,1
0,0.3216367068908693,0
0,0.13206801944470647,0
0,0.41079899128446645,0
1,0.9284509262959919,1
0,0.3532196274109388,0
1,0.8871249430236154,1
1,0.10127457449647485,0
0,0.2799896120497989,0
1,0.9848756107535583,1
0,0.05085608343580474,0
0,0.15434466814826903,0
0,0.05403616293852386,0
1,0.8875385929984551,1
1,0.966283828392333,1
0,0.41850019560757207,0
1,0.9822158539869078,1
1,0.9171025648143786,1
0,0.08714875009904768,0
0,0.14558535366872769,0
1,0.9886942948402346,1
1,0.4459565606717988,0
1,0.9950758321611002,1
0,0.12218372930405819,0
0,0.3781137083221664,0
1,0.43782972826967237,0
0,0.5705314461636919,1
1,0.9469862382459995,1
1,0.9802265197265909,1
1,0.8801427170122309,1
1,0.9891104897595384,1
1,0.9936192151925873,1
1,0.9968947573192348,1
0,0.14956141111245785,0
0,0.526783431806046,1
0,0.019781964568812052,0
0,0.13732889438525156,0
1,0.9268235371591677,1
1,0.9870817658036497,1
1,0.9818499663679335,1
1,0.9992621209924707,1
1,0.9919611351045303,1
0,0.4493159920991199,0
1,0.8144573051929107,1
1,0.7861752724045512,1
0,0.019618594779024986,0
1,0.7129996775647807,1
1,0.9896092598774102,1
1,0.9733597674909202,1
1,0.4109116163853867,0
0,0.2045231863065026,0
1,0.9786127106949976,1
0,0.25247800288361044,0
0,0.4417390883494366,0
1,0.9842490579045208,1
1,0.30225518050742367,0
1,0.9876055120809815,1
1,0.9863104082081353,1
1,0.9225312696577155,1
1,0.5539759310026067,1
0,0.5991247452743909,1
0,0.12808913071284672,0
0,0.10118793383132423,0
1,0.0806329138073718,0
1,0.33167122068569854,0
0,0.07446814933249839,0
1,0.9832601487835879,1
1,0.29774273202379753,0
1,0.9714369075257453,1
1,0.950317896074201,1
1,0.41066650543984495,0
1,0.9899446183830384,1
0,0.13838926461950574,0
1,0.46097998966901527,0
0,0.10013961625757872,0
1,0.988726640897047,1
1,0.7900224417982422,1
1,0.9850078191841614,1
0,0.12519093207099294,0
0,0.21633011742397473,0
0,0.25840903588401354,0
1,0.24358786365376722,0
1,0.8604082288547571,1
1,0.9875753199779704,1
0,0.6517325268052092,1
1,0.9947125596677892,1
0,0.5947695092287578,1
1,0.9418491786193223,1
0,0.1781039928885612,0
0,0.05159945108920691,0
1,0.9945866555485845,1
1,0.8852594806050953,1
1,0.9305416093436016,1
0,0.07905726745187126,0
1,0.982914177604808,1
0,0.6813972081972675,1
1,0.3085633686477514,0
1,0.14604217673343226,0
1,0.9704866108653327,1
0,0.030971817584441338,0
1,0.7896763367289443,1
1,0.990035906566169,1
1,0.8827132095378523,1
1,0.4368086138513891,0
0,0.4303888136149773,0
1,0.8546509949621857,1
1,0.9894824350323979,1
0,0.08752770064806287,0
1,0.12716906574213993,0
1,0.8921637137078708,1
1,0.9953410966959577,1
0,0.3259867521953675,0
1,0.3641994017126439,0
1,0.9852921580489424,1
1,0.9902506448099426,1
0,0.5037714982490613,1
1,0.9613291233595187,1
1,0.1888229197484511,0
0,0.12156374789848912,0
1,0.9745502310240819,1
1,0.9880377327425994,1
0,0.2902250970789925,0
0,0.47611750433353683,0
0,0.2506154471472511,0
1,0.969669846264768,1
0,0.09385377071760928,0
0,0.391533793862804,0
1,0.8782209035045124,1
1,0.9656855703326488,1
0,0.30083217401588247,0
0,0.15935292402710072,0
0,0.24028318473522617,0
0,0.051298656006211,0
0,0.42038881361497726,0
1,0.6586755096405752,1
1,0.9876069113090622,1
0,0.1989090316140699,0
1,0.9938649743880741,1
1,0.45106391912263455,0
0,0.24281343629208962,0
1,0.9332548185107563,1
1,0.5069991743973792,1
0,0.018495263118201325,0
0,0.3096187958101624,0
0,0.22670301577273833,0
0,0.047619529099262786,0
1,0.8901447556563307,1
0,0.14011954124352305,0
1,0.9331917309372906,1
0,0.33175152881690484,0
1,0.992745086452476,1
1,0.827201369969139,1
1,0.5827713800969136,1
1,0.321369119112133,0
1,0.8069911421680833,1
0,0.2773772124624594,0
0,0.7400810404796936,1
1,0.9879980937747427,1
0,0.17696749879115153,0
0,0.22664466746025874,0
1,0.957394516563328,1
0,0.10876360613556818,0
1,0.8826366520883802,1
1,0.9904116301675538,1
0,0.2688097105945149,0
1,0.5928300156812496,1
0,0.4905884298806499,0
1,0.9860651784360497,1
1,0.46033425099200087,0
1,0.9586933500022228,1
0,0.2665922109022905,0
0,0.2154456859670117,0
0,0.17704628653879728,0
1,0.7128334917597595,1
0,0.08055876482766289,0
0,0.21876698197354486,0
1,0.34490535819291307,0
1,0.9965580844726676,1
0,0.2060411985019478,0
0,0.037123049355012566,0
0,0.3767140587171608,0
1,0.37516084963767904,0
0,0.09357747982297805,0
1,0.9303292440554669,1
0,0.26733959874840973,0
1,0.6911032042277733,1
1,0.8656090151383271,1
1,0.3666117251889381,0
1,0.998805203825402,1
1,0.9363610517611685,1
0,0.13110241284777896,0
0,0.29334983869980286,0
1,0.9899043183855184,1
0,0.15241298467109163,0
1,0.5632247602329653,1
1,0.9766113443631712,1
0,0.0170665861245535,0
0,0.07383160551755949,0
0,0.19799465856910475,0
1,0.9870769884428598,1
0,0.4803417314921854,0
1,0.519528543486821,1
1,0.9939758707170119,1
1,0.9756706980270073,1
0,0.06401315391098798,0
0,0.09853115403296513,0
0,0.159654449835197,0
1,0.9833265905049471,1
0,0.39533417073024574,0
1,0.9883945607498266,1
1,0.9893670008389629,1
0,0.24459307098361469,0
0,0.25990485505891237,0
0,0.18525662846112295,0
0,0.26073764903808827,0
0,0.1763261967864883,0
1,0.8911991610306518,1
0,0.04522486008946277,0
1,0.9672047293008884,1
1,0.07029279728385474,0
1,0.6539320790595187,1
0,0.09299027107457777,0
0,0.008160668076206993,0
1,0.09220985389598962,0
0,0.3529125796590232,0
1,0.834334694173702,1
0,0.29022470803966166,0
1,0.6006801333296257,1
1,0.9715116480975816,1
0,0.05952099148554908,0
1,0.9885093791945467,1
1,0.6728235461460687,1
0,0.3671624924680189,0
1,0.21177479252238302,0
1,0.7986578108002957,1
0,0.35233949103549866,0
0,0.7549862709783371,1
1,0.09334013410134401,0
1,0.9035265213126829,1
0,0.09115219861534798,0
1,0.7047130827722239,1
0,0.5733819143491627,1
1,0.48189682428729325,0
0,0.6791346098924835,1
1,0.9935187257930671,1
0,0.16139517922325192,0
1,0.5427911685969254,1
0,0.12992344271306408,0
1,0.9080178901940394,1
1,0.9022488602737222,1
0,0.16046828259646193,0
0,0.05079123263081256,0
1,0.9416292487829372,1
1,0.9844586975231631,1
0,0.18966051245068333,0
0,0.13270631260716723,0
0,0.1063379732942646,0
0,0.04634997958252214,0
1,0.984718449083833,1
0,0.5521732957299795,1
0,0.14854931653776898,0
0,0.040246962773406655,0
1,0.7814919138387246,1
0,0.12790670373643176,0
1,0.9887021627555097,1
1,0.9815865943211343,1
1,0.5337079133088201,1
1,0.9531956127325589,1
1,0.6408045900041962,1
0,0.7258783285752818,1
0,0.5616624064547096,1
0,0.17397470729726808,0
1,0.9778053116966892,1
1,0.9452592705846672,1
1,0.9914493886824832,1
1,0.9848879316603706,1
0,0.21738312172737942,0
1,0.9773941997444258,1
0,0.6279024309451504,1
0,0.1670635797581349,0
0,0.4346141425558159,0
0,0.09611654627301174,0
1,0.8288676327631908,1
1,0.9573228940133154,1
1,0.9834629306097696,1
1,0.9891357891239936,1
0,0.04357071175227101,0
1,0.9303038347452277,1
0,0.42259240113435415,0
1,0.9814426491399945,1
1,0.9963254266843169,1
1,0.5320137613412186,1
1,0.3134775299462505,0
0,0.13608407188814403,0
0,0.29810326296436773,0
0,0.19664093546740602,0
1,0.22491479759026928,0
1,0.5690218946816222,1
0,0.38902701929621497,0
1,0.9880811278120956,1
1,0.3784547099383603,0
1,0.7618267813813439,1
1,0.7922126067378799,1
1,0.93862593848051,1
1,0.9295610440268903,1
1,0.6921431847730195,1
0,0.11919164395511006,0
1,0.9829527726541132,1
1,0.9246410753999159,1
1,0.9948162833538512,1
0,0.06030599169560494,0
0,0.17469163298190044,0
0,0.2590894033835593,0
1,0.8986296630626609,1
1,0.444095466170453,0
1,0.5023985328056503,1
0,0.0803038798255195,0
1,0.989401890388119,1
0,0.08895755786448514,0
1,0.6925923940070162,1
0,0.26733301972389495,0
1,0.9617565371585848,1
1,0.8281512010801819,1
1,0.9800637247563875,1
1,0.8739236177613002,1
0,0.026982764037908405,0
0,0.07247973889375692,0
1,0.9222714387309534,1
0,0.35349917007888887,0
1,0.9608295756976408,1
1,0.9907559632555534,1
1,0.9904861320673997,1
1,0.9846335118394558,1
0,0.25021128721213437,0
1,0.30791560232838194,0
1,0.6225090285477828,1
1,0.6086405434341831,1
1,0.9847909099943277,1
0,0.5647230926509198,1
0,0.030119533551369572,0
1,0.13440454896619042,0
0,0.7739556397393702,1
1,0.23934466814826905,0
0,0.18778428026328706,0
0,0.16633887814708204,0
0,0.1231128442436869,0
0,0.1073257857028595,0
0,0.058929224944136355,0
1,0.940293993707594,1
1,0.9150614835958751,1
1,0.9860926432158814,1
1,0.9854091078326724,1
1,0.8461877961689783,1
0,0.05463724511092427,0
0,0.29932845712885225,0
1,0.5770106031622646,1
0,0.28174184751746245,0
1,0.8855365299694089,1
1,0.649383621967632,1
1,0.16613440314193845,0
0,0.06095867342605425,0
0,0.06305558113806292,0
0,0.029583653556491923,0
1,0.19988824499314384,0
0,0.14549697997859568,0
1,0.9903699137148595,1
0,0.2265412774097114,0
1,0.9666905247373757,1
0,0.7886399153180795,1
0,0.25012694231757593,0
0,0.5291451542370667,1
0,0.3640254270165919,0
0,0.44532098532843356,0
1,0.9178105025870861,1
1,0.755509601421696,1
0,0.2534590629858835,0
0,0.32597575159115333,0
1,0.949790627687157,1
1,0.8839737766144752,1
1,0.5759467446429168,1
1,0.2686357793028352,0
0,0.5847689189975795,1
1,0.6232252956154167,1
1,0.9546944201052548,1
0,0.07130266607856864,0
0,0.33150615583299,0
0,0.028931848644005047,0
1,0.9724956954659347,1
1,0.8812634886527491,1
1,0.9352149012306209,1
1,0.9897791925780939,1
0,0.2700464038727516,0
0,0.4120240843808253,0
1,0.9926220955579644,1
0,0.6367953998358111,1
1,0.34132196363609685,0
0,0.2581991240142271,0
1,0.5180470205969936,1
0,0.39891962933771047,0
0,0.13283402169484482,0
1,0.934799107467439,1
1,0.987263128748074,1
1,0.9289884271507329,1
0,0.16826914178601807,0
1,0.35756987771356996,0
1,0.9857769110749776,1
1,0.9522862820970697,1
0,0.05890388509585316,0
