y_true,y_pred_prob
0.0,0.123052165
1.0,0.3581828
0.0,0.088071726
1.0,0.152324
1.0,0.4843527
0.0,0.29843158
0.0,0.2633025
0.0,0.28079298
1.0,0.23361047
0.0,0.16751896
0.0,0.11662288
0.0,0.07447801
0.0,0.2560874
0.0,0.11162424
1.0,0.47271994
0.0,0.105838835
0.0,0.08858615
0.0,0.086451225
1.0,0.110207506
0.0,0.08628108
0.0,0.069543146
0.0,0.10879426
0.0,0.10223875
0.0,0.09475762
0.0,0.28355202
1.0,0.47298786
1.0,0.2824323
0.0,0.11777989
0.0,0.10794759
1.0,0.415093
0.0,0.06617715
0.0,0.27692568
0.0,0.103869915
0.0,0.07263888
0.0,0.24320741
0.0,0.07893866
0.0,0.08580122
0.0,0.07210946
0.0,0.3076872
1.0,0.2567099
0.0,0.15701388
0.0,0.13637117
0.0,0.34253502
0.0,0.1386666
0.0,0.12144155
0.0,0.33703586
0.0,0.40799823
0.0,0.2739778
0.0,0.105595574
0.0,0.07218538
0.0,0.22707583
0.0,0.2532674
0.0,0.18757974
0.0,0.4561789
0.0,0.22585182
1.0,0.26194665
0.0,0.17009768
1.0,0.24613304
0.0,0.29288992
0.0,0.19664304
1.0,0.45658803
1.0,0.30819935
0.0,0.39081302
1.0,0.3601718
0.0,0.09767558
0.0,0.20352495
0.0,0.09211855
0.0,0.16067015
0.0,0.085029274
0.0,0.11011463
0.0,0.06110358
1.0,0.17620698
0.0,0.06955021
0.0,0.35331315
0.0,0.1288753
1.0,0.40428376
0.0,0.13112646
0.0,0.27719757
0.0,0.21920988
0.0,0.1902159
1.0,0.26242328
1.0,0.40043673
0.0,0.075420484
0.0,0.12005492
0.0,0.081901535
0.0,0.13613379
0.0,0.32004973
0.0,0.19992088
0.0,0.09226286
0.0,0.21985115
0.0,0.1870606
0.0,0.3181154
1.0,0.100096874
1.0,0.19092883
0.0,0.27697334
0.0,0.15151264
0.0,0.17617181
0.0,0.22031353
0.0,0.11985656
0.0,0.07332704
0.0,0.39774194
1.0,0.25618386
0.0,0.1309574
0.0,0.17411865
0.0,0.3024219
1.0,0.38618672
1.0,0.379683
0.0,0.15037473
0.0,0.3495472
1.0,0.43979096
0.0,0.19364643
0.0,0.16669276
1.0,0.4936541
0.0,0.10928019
0.0,0.102485865
0.0,0.14404401
0.0,0.11304681
1.0,0.3825571
1.0,0.21496637
0.0,0.061019503
0.0,0.16252206
0.0,0.13660537
0.0,0.12135185
0.0,0.12803772
1.0,0.33152163
0.0,0.14812402
0.0,0.1859757
0.0,0.09961506
0.0,0.22916555
1.0,0.2928664
0.0,0.35712063
1.0,0.27558118
0.0,0.5286507
1.0,0.44528857
0.0,0.11414102
0.0,0.23667432
0.0,0.1567096
0.0,0.2367272
0.0,0.14395401
0.0,0.39890343
0.0,0.17431965
0.0,0.13530399
0.0,0.092763975
0.0,0.1344428
0.0,0.23540018
0.0,0.23624662
0.0,0.18300834
1.0,0.2656768
0.0,0.06485882
0.0,0.09845372
0.0,0.20762718
0.0,0.2083145
1.0,0.5424851
1.0,0.1924816
0.0,0.15279132
1.0,0.29730096
0.0,0.0912222
0.0,0.1332217
1.0,0.29076478
0.0,0.0056766593
0.0,0.11940179
0.0,0.12902299
0.0,0.24145839
0.0,0.08053913
0.0,0.24882425
0.0,0.19411229
0.0,0.06816801
0.0,0.064357445
0.0,0.26277635
0.0,0.2278476
0.0,0.1634905
1.0,0.46466467
0.0,0.08476457
0.0,0.09274873
0.0,0.12398268
0.0,0.12657097
0.0,0.14406839
1.0,0.087601066
0.0,0.1736514
0.0,0.08111954
1.0,0.3428502
0.0,0.1499734
1.0,0.41235185
1.0,0.24123849
0.0,0.20666201
1.0,0.26262578
0.0,0.08306922
0.0,0.11177728
0.0,0.09559845
1.0,0.456327
0.0,0.123228766
1.0,0.40791327
0.0,0.0237149
0.0,0.1037938
0.0,0.29888245
0.0,0.10855671
0.0,0.13981912
0.0,0.13908379
0.0,0.2198273
0.0,0.23742369
0.0,0.13276383
0.0,0.34195063
0.0,0.2579356
1.0,0.27690387
0.0,0.21826272
1.0,0.13649024
0.0,0.2031753
0.0,0.09108088
0.0,0.15603675
1.0,0.26164842
0.0,0.11672554
1.0,0.3884571
0.0,0.12379061
0.0,0.13842201
0.0,0.27651817
1.0,0.27858174
0.0,0.021460855
0.0,0.09191572
0.0,0.30554557
0.0,0.15200876
0.0,0.12945783
0.0,0.21798138
1.0,0.35588053
1.0,0.32336766
0.0,0.22403838
0.0,0.1545859
0.0,0.2369754
0.0,0.23400801
0.0,0.056721017
1.0,0.29734266
0.0,0.27783883
0.0,0.08586942
0.0,0.12437699
0.0,0.2322283
0.0,0.151518
0.0,0.15173005
1.0,0.4632161
1.0,0.42609286
0.0,0.04801437
0.0,0.3062932
0.0,0.27789328
0.0,0.3265367
0.0,0.33270445
0.0,0.43573585
0.0,0.15788971
0.0,0.14096923
0.0,0.13467062
1.0,0.15397735
0.0,0.12201018
0.0,0.096553035
0.0,0.056638323
0.0,0.18785022
0.0,0.16839623
1.0,0.23376293
1.0,0.1354838
0.0,0.31933764
0.0,0.27090672
0.0,0.24928246
0.0,0.11074573
0.0,0.14287555
0.0,0.07172001
0.0,0.22841798
0.0,0.29526603
1.0,0.54523236
0.0,0.26719356
0.0,0.05747359
0.0,0.074254885
0.0,0.057253256
0.0,0.1939673
0.0,0.13071278
0.0,0.15640877
0.0,0.14338747
0.0,0.08182965
0.0,0.18907733
0.0,0.20105882
0.0,0.07955307
0.0,0.24000056
0.0,0.398315
0.0,0.2057558
1.0,0.17765257
0.0,0.13799253
0.0,0.23095925
1.0,0.20489413
0.0,0.059183948
0.0,0.15364179
0.0,0.103525065
0.0,0.17163692
0.0,0.030502353
1.0,0.17140454
0.0,0.2621659
1.0,0.30265746
0.0,0.15482937
1.0,0.39140952
0.0,0.11519304
1.0,0.31429124
0.0,0.22660641
0.0,0.20531788
0.0,0.13884722
0.0,0.2945948
0.0,0.24897237
0.0,0.17830165
0.0,0.06600757
1.0,0.2798493
0.0,0.14341305
1.0,0.26553562
1.0,0.12260115
0.0,0.1790191
1.0,0.17624629
0.0,0.23432678
1.0,0.27026498
1.0,0.5063597
0.0,0.085792586
0.0,0.2022134
0.0,0.14868467
0.0,0.21373883
1.0,0.5498597
0.0,0.16944982
0.0,0.10601888
0.0,0.14753054
0.0,0.11268642
0.0,0.11970933
0.0,0.11099143
0.0,0.082611784
0.0,0.38845524
0.0,0.4584568
0.0,0.06442185
0.0,0.16478582
1.0,0.20003761
0.0,0.18843961
0.0,0.0692054
0.0,0.23401201
0.0,0.231717
0.0,0.10056532
0.0,0.06594903
1.0,0.40769184
1.0,0.34176704
0.0,0.096765935
0.0,0.12723854
0.0,0.20865257
0.0,0.09635558
1.0,0.40877327
1.0,0.1866147
0.0,0.085572764
1.0,0.15191136
0.0,0.3531801
0.0,0.30457905
0.0,0.1005245
1.0,0.24902886
0.0,0.17871903
1.0,0.08049552
1.0,0.5475983
1.0,0.4093842
0.0,0.09322967
0.0,0.23083435
0.0,0.10946234
0.0,0.19407496
0.0,0.17070304
1.0,0.100776255
1.0,0.40553847
0.0,0.25939626
1.0,0.30487117
0.0,0.22220296
0.0,0.21426906
0.0,0.20521988
1.0,0.36101145
0.0,0.17487866
0.0,0.24109705
1.0,0.35575193
0.0,0.09493551
0.0,0.083606444
1.0,0.32073012
0.0,0.16886705
0.0,0.12833463
1.0,0.15170278
0.0,0.15626228
0.0,0.105904184
1.0,0.17599584
0.0,0.16907838
0.0,0.18806274
0.0,0.118725054
0.0,0.32600373
0.0,0.11567949
0.0,0.32879943
0.0,0.21975897
0.0,0.1475949
0.0,0.08009254
0.0,0.17947094
0.0,0.10666791
0.0,0.30295178
0.0,0.3491807
0.0,0.16814037
0.0,0.12396989
0.0,0.19627798
0.0,0.22532313
0.0,0.09110232
0.0,0.33999494
1.0,0.17549941
0.0,0.20411108
0.0,0.29445565
0.0,0.24913445
1.0,0.24959965
0.0,0.16125098
0.0,0.18405707
0.0,0.080765165
0.0,0.20240659
1.0,0.14334008
0.0,0.113633394
0.0,0.249174
1.0,0.36203
0.0,0.21522233
0.0,0.07787773
1.0,0.37872115
0.0,0.08736884
0.0,0.12754075
0.0,0.13212483
1.0,0.25880125
0.0,0.22621994
0.0,0.11818624
0.0,0.12029349
0.0,0.25310904
0.0,0.24802919
0.0,0.26492944
0.0,0.37360558
0.0,0.25968775
1.0,0.24217235
1.0,0.22251205
0.0,0.054214217
0.0,0.17741883
1.0,0.3385232
0.0,0.09891294
0.0,0.15077782
0.0,0.26900184
0.0,0.10430103
0.0,0.14884253
0.0,0.3000953
0.0,0.21090652
0.0,0.18829928
0.0,0.056677926
0.0,0.103026934
0.0,0.29116666
0.0,0.06279054
0.0,0.28070712
0.0,0.31518742
0.0,0.15719695
0.0,0.25085884
0.0,0.07442536
1.0,0.26576737
0.0,0.1346525
0.0,0.14092053
0.0,0.30723318
0.0,0.23554634
0.0,0.08024539
0.0,0.17440496
0.0,0.07677475
0.0,0.24722691
0.0,0.075015396
0.0,0.116174266
0.0,0.14509416
0.0,0.17671594
0.0,0.43814287
0.0,0.07981605
0.0,0.088412054
0.0,0.06512601
0.0,0.18939213
0.0,0.31215438
0.0,0.22077072
0.0,0.09477917
0.0,0.2237378
0.0,0.1427916
0.0,0.08555721
0.0,0.1400949
0.0,0.27588063
0.0,0.06370084
0.0,0.1605795
0.0,0.047961313
0.0,0.34609193
0.0,0.27706072
1.0,0.4503148
1.0,0.16321082
0.0,0.094906814
0.0,0.093411125
0.0,0.15208776
0.0,0.09922315
0.0,0.14658369
1.0,0.29666123
1.0,0.26847497
0.0,0.095238775
0.0,0.14478445
1.0,0.5108101
0.0,0.31926927
0.0,0.16044603
0.0,0.06221092
0.0,0.106521465
0.0,0.17892352
0.0,0.25460142
0.0,0.15234546
0.0,0.16083436
0.0,0.10220777
0.0,0.0806671
1.0,0.33671656
0.0,0.19136485
0.0,0.21540353
0.0,0.1228774
0.0,0.13394547
0.0,0.25187886
0.0,0.24793854
0.0,0.21320026
0.0,0.15290403
1.0,0.43123105
0.0,0.16553621
1.0,0.4958886
0.0,0.10295232
0.0,0.21516858
1.0,0.16146573
1.0,0.31897023
0.0,0.08477728
0.0,0.121201925
0.0,0.18705264
1.0,0.19272062
0.0,0.14354573
0.0,0.1495032
0.0,0.098747745
0.0,0.25614822
0.0,0.13311589
0.0,0.52905464
0.0,0.14325795
0.0,0.063537024
0.0,0.08474093
0.0,0.1513527
0.0,0.09352308
0.0,0.43249935
0.0,0.24269037
0.0,0.15921655
0.0,0.28398266
1.0,0.2884706
1.0,0.43349686
1.0,0.36794657
0.0,0.12180356
1.0,0.47802967
1.0,0.33722
0.0,0.124524385
0.0,0.1621903
0.0,0.2282259
0.0,0.06671519
1.0,0.32956165
0.0,0.11927982
0.0,0.07187776
0.0,0.15111084
0.0,0.3669686
0.0,0.121104635
0.0,0.23509389
0.0,0.23457658
0.0,0.325486
0.0,0.1297684
0.0,0.12596972
0.0,0.21892683
0.0,0.27845442
0.0,0.36050314
0.0,0.048419412
0.0,0.06416771
0.0,0.124959454
0.0,0.28239635
0.0,0.0692816
1.0,0.21974401
0.0,0.1567408
0.0,0.2751505
0.0,0.1371834
0.0,0.09826607
0.0,0.090999156
0.0,0.08071356
0.0,0.2695452
0.0,0.057652384
0.0,0.24196307
0.0,0.2415886
0.0,0.19022651
0.0,0.09675477
0.0,0.26284117
1.0,0.2560513
0.0,0.21387586
0.0,0.21789041
0.0,0.20071083
1.0,0.47171506
0.0,0.070342176
0.0,0.22179955
1.0,0.05940865
0.0,0.134456
0.0,0.14051601
0.0,0.06412447
1.0,0.21102168
0.0,0.21586755
0.0,0.061797194
1.0,0.4699377
0.0,0.09446483
0.0,0.18993375
0.0,0.14280123
0.0,0.2198438
1.0,0.53757143
0.0,0.15981938
0.0,0.14451462
0.0,0.2916972
0.0,0.0679631
0.0,0.11938499
0.0,0.19499454
1.0,0.20464368
0.0,0.24537297
0.0,0.15550892
0.0,0.36990324
0.0,0.24698028
1.0,0.38670456
1.0,0.2783445
0.0,0.2172483
1.0,0.22576949
0.0,0.34235767
0.0,0.13061278
0.0,0.28386402
1.0,0.31686577
0.0,0.41338822
0.0,0.16296047
1.0,0.18958807
0.0,0.3853759
0.0,0.10838416
0.0,0.2904287
0.0,0.11116628
0.0,0.44128296
0.0,0.05612377
0.0,0.08047551
0.0,0.326138
0.0,0.043792244
1.0,0.24275616
0.0,0.08888285
0.0,0.09506391
1.0,0.24864393
0.0,0.1726266
0.0,0.25774384
0.0,0.12255673
0.0,0.117370516
0.0,0.10458554
0.0,0.0883171
1.0,0.18055753
0.0,0.24177718
0.0,0.189526
0.0,0.080972806
0.0,0.20199488
1.0,0.16380054
0.0,0.29604965
0.0,0.16229926
1.0,0.5511301
1.0,0.42568597
0.0,0.17626421
0.0,0.098603375
1.0,0.10444016
1.0,0.4957848
0.0,0.42652345
1.0,0.23343235
0.0,0.21436788
0.0,0.181371
0.0,0.13167094
0.0,0.05385333
0.0,0.2357981
0.0,0.058869176
0.0,0.11124873
1.0,0.38201535
0.0,0.10498059
1.0,0.22178437
1.0,0.14720844
1.0,0.23531508
0.0,0.21473873
0.0,0.12003843
0.0,0.3093055
0.0,0.08749736
0.0,0.22025506
0.0,0.40759903
0.0,0.115838796
0.0,0.23622738
1.0,0.19432218
0.0,0.293385
1.0,0.3407958
0.0,0.12207425
1.0,0.45127213
0.0,0.3032827
0.0,0.18871619
0.0,0.25637263
0.0,0.17383963
1.0,0.259671
0.0,0.094827704
0.0,0.09892786
0.0,0.067542605
0.0,0.22936246
1.0,0.55048585
0.0,0.20619065
0.0,0.243749
0.0,0.10184966
0.0,0.3356973
0.0,0.3124247
0.0,0.17053081
0.0,0.1779086
0.0,0.13329497
0.0,0.15322535
0.0,0.40309826
0.0,0.2204134
1.0,0.30078426
0.0,0.018276658
0.0,0.057024855
0.0,0.23490287
0.0,0.053375326
1.0,0.2991863
0.0,0.21650182
0.0,0.34908167
1.0,0.2230905
0.0,0.3128832
1.0,0.13395002
0.0,0.18512574
0.0,0.41060722
0.0,0.122567385
0.0,0.18921483
0.0,0.071277484
0.0,0.09849735
0.0,0.15523662
0.0,0.21737029
0.0,0.09848105
1.0,0.5623916
0.0,0.13930808
0.0,0.06155138
0.0,0.10393875
0.0,0.17450283
0.0,0.056243874
0.0,0.07621116
1.0,0.26265043
0.0,0.30322132
0.0,0.060186207
1.0,0.52010334
0.0,0.15943825
1.0,0.27400875
1.0,0.10710847
0.0,0.16371813
0.0,0.23724249
1.0,0.3967516
0.0,0.12503769
0.0,0.35401586
0.0,0.12784584
0.0,0.044462956
1.0,0.25472057
1.0,0.28194255
0.0,0.12669602
0.0,0.053300757
0.0,0.1314465
1.0,0.22463907
0.0,0.11107626
0.0,0.1229354
0.0,0.29434654
0.0,0.21651302
0.0,0.32449275
0.0,0.29037327
0.0,0.022573568
0.0,0.11243628
1.0,0.15586057
0.0,0.12419048
1.0,0.2990023
0.0,0.13251211
0.0,0.34063846
0.0,0.1287538
0.0,0.036500942
0.0,0.14941108
0.0,0.0797239
0.0,0.1613825
1.0,0.49793598
0.0,0.1826246
0.0,0.054314647
0.0,0.09270467
0.0,0.16755392
0.0,0.244549
0.0,0.2833246
1.0,0.20833659
1.0,0.44268256
0.0,0.10012325
0.0,0.07392522
0.0,0.17980354
0.0,0.13613783
1.0,0.27574328
1.0,0.43877676
0.0,0.29846257
0.0,0.15126288
0.0,0.24651332
0.0,0.10776277
0.0,0.24046627
0.0,0.19485159
0.0,0.13207178
0.0,0.19185466
0.0,0.26406375
0.0,0.20166889
0.0,0.05236196
0.0,0.16823484
1.0,0.48718044
1.0,0.3634201
0.0,0.058042932
0.0,0.1070896
1.0,0.2699585
0.0,0.06848102
1.0,0.17789927
1.0,0.46652353
0.0,0.12535432
0.0,0.100045905
0.0,0.11836766
1.0,0.2713908
0.0,0.11448088
0.0,0.11804965
0.0,0.12419342
0.0,0.17740832
0.0,0.06118817
0.0,0.061440326
0.0,0.070219174
0.0,0.10856742
0.0,0.10083843
0.0,0.2919987
0.0,0.009797708
0.0,0.16751644
0.0,0.37368533
0.0,0.077315375
0.0,0.086769
0.0,0.04749811
0.0,0.23077692
1.0,0.31779307
0.0,0.25064248
1.0,0.087032415
1.0,0.46858883
0.0,0.1643633
0.0,0.10919408
0.0,0.21373692
1.0,0.3099322
1.0,0.25480843
0.0,0.13286445
1.0,0.42008042
0.0,0.11950043
0.0,0.24899253
1.0,0.4477913
0.0,0.16647576
0.0,0.06765364
0.0,0.21904293
0.0,0.15598665
0.0,0.06727504
0.0,0.14664476
1.0,0.29397267
0.0,0.20016803
1.0,0.29725468
0.0,0.22024211
0.0,0.08894635
1.0,0.3050956
0.0,0.2115147
0.0,0.25816306
0.0,0.11057231
0.0,0.12227569
0.0,0.20742384
0.0,0.2534169
0.0,0.24484906
1.0,0.32087952
0.0,0.18726818
0.0,0.09110208
0.0,0.16922845
0.0,0.16086788
0.0,0.17032073
0.0,0.08695466
0.0,0.30464163
0.0,0.09141421
0.0,0.16701399
0.0,0.2883969
0.0,0.11006474
0.0,0.2019716
1.0,0.41377485
0.0,0.23871474
0.0,0.1425564
0.0,0.40261227
0.0,0.1353107
0.0,0.12094803
0.0,0.20206927
0.0,0.18879296
0.0,0.27199647
0.0,0.17946316
0.0,0.29025704
1.0,0.37006554
0.0,0.22446449
1.0,0.29884753
0.0,0.122045256
0.0,0.06462833
0.0,0.16756801
0.0,0.08430257
0.0,0.16352828
0.0,0.14520547
0.0,0.111847065
0.0,0.19941005
0.0,0.08529335
0.0,0.023234874
0.0,0.07189505
0.0,0.08422044
0.0,0.11874733
0.0,0.07566231
0.0,0.19991945
1.0,0.16350882
0.0,0.17051849
0.0,0.039734185
0.0,0.15144907
1.0,0.3214505
0.0,0.13752346
0.0,0.1592386
0.0,0.13722745
0.0,0.18221173
1.0,0.30899408
1.0,0.16405468
0.0,0.07889386
0.0,0.054684345
0.0,0.061910767
0.0,0.29921016
0.0,0.15181719
0.0,0.121394396
0.0,0.15097739
0.0,0.1118868
1.0,0.48033214
0.0,0.18906273
0.0,0.25123054
0.0,0.15725099
1.0,0.28780627
0.0,0.13106433
0.0,0.37669834
0.0,0.22788443
1.0,0.33125004
0.0,0.24576281
0.0,0.32765964
1.0,0.1996315
0.0,0.14971012
0.0,0.11313486
0.0,0.11454972
0.0,0.13904746
0.0,0.15286967
0.0,0.07911681
0.0,0.486601
0.0,0.12312537
0.0,0.2179693
1.0,0.09989968
0.0,0.16843937
0.0,0.15370683
0.0,0.10186557
0.0,0.2038855
1.0,0.15342921
0.0,0.18625146
0.0,0.07311076
0.0,0.066381864
1.0,0.28420967
0.0,0.026826344
0.0,0.191167
0.0,0.077449195
1.0,0.03977062
0.0,0.3594161
0.0,0.07228633
0.0,0.16417094
0.0,0.08646435
0.0,0.21310318
1.0,0.3487183
0.0,0.13563879
1.0,0.5825158
0.0,0.38070774
0.0,0.23651399
0.0,0.19596754
0.0,0.22557771
0.0,0.08173654
0.0,0.30379656
0.0,0.18119201
0.0,0.35369387
0.0,0.06659912
0.0,0.25983742
0.0,0.090492934
0.0,0.07910221
0.0,0.07780685
0.0,0.1432214
0.0,0.1669918
1.0,0.26228502
0.0,0.1273338
0.0,0.2982841
1.0,0.29053697
1.0,0.35923895
0.0,0.12503166
0.0,0.24899933
0.0,0.26244712
0.0,0.10833405
0.0,0.08058486
0.0,0.17056926
0.0,0.17751779
0.0,0.064055435
0.0,0.3258592
0.0,0.19984996
1.0,0.2840092
0.0,0.09858102
0.0,0.16958365
0.0,0.24150139
0.0,0.1701142
0.0,0.107717924
0.0,0.07583216
0.0,0.15400341
0.0,0.082344145
1.0,0.23281878
0.0,0.21009661
1.0,0.30536675
0.0,0.067811675
0.0,0.13372064
0.0,0.113742724
0.0,0.23992898
0.0,0.11776492
0.0,0.08850883
1.0,0.40573975
0.0,0.21115658
0.0,0.11314656
0.0,0.054196153
1.0,0.15009989
1.0,0.06887716
1.0,0.5357031
0.0,0.024978997
1.0,0.5534009
0.0,0.08432228
1.0,0.27573985
1.0,0.53436905
0.0,0.48823002
0.0,0.14387593
0.0,0.18135746
0.0,0.17873618
0.0,0.050752953
0.0,0.2041602
1.0,0.08595727
1.0,0.22714189
0.0,0.1291009
0.0,0.11034545
1.0,0.35702822
0.0,0.087780416
0.0,0.16089171
0.0,0.086395845
0.0,0.270951
0.0,0.087401226
0.0,0.19536638
1.0,0.10423017
0.0,0.26479062
0.0,0.23030363
0.0,0.10866254
1.0,0.2522593
0.0,0.18980053
0.0,0.3791878
0.0,0.2112773
1.0,0.55852854
1.0,0.29956794
0.0,0.16200699
0.0,0.13778299
0.0,0.12358681
0.0,0.23878476
0.0,0.16987176
0.0,0.20846601
0.0,0.24306594
1.0,0.24093132
1.0,0.26080534
0.0,0.165044
0.0,0.116793215
0.0,0.15848671
0.0,0.10196571
0.0,0.14702559
0.0,0.1356314
1.0,0.23925659
1.0,0.13579233
1.0,0.36337346
0.0,0.12556322
1.0,0.3218065
0.0,0.27942666
0.0,0.1179451
0.0,0.124838695
0.0,0.34958
0.0,0.12029682
0.0,0.29421645
0.0,0.10176944
0.0,0.22040947
0.0,0.042524844
0.0,0.07619779
1.0,0.23989047
1.0,0.12589437
0.0,0.0749594
0.0,0.14862488
0.0,0.060866404
0.0,0.17223845
0.0,0.24037239
1.0,0.2855926
0.0,0.051495794
0.0,0.07785299
0.0,0.11479142
0.0,0.09563758
0.0,0.26142517
0.0,0.28700042
0.0,0.21369013
1.0,0.07190934
0.0,0.13237937
0.0,0.2235898
0.0,0.32355773
1.0,0.15188377
0.0,0.45792478
0.0,0.23985815
0.0,0.12081814
0.0,0.31300104
0.0,0.09353005
0.0,0.17384057
0.0,0.3260309
0.0,0.24693151
1.0,0.3945597
0.0,0.085652635
0.0,0.0993568
0.0,0.04659608
1.0,0.1376237
1.0,0.20311923
0.0,0.2336126
0.0,0.05728394
0.0,0.21203439
1.0,0.4229603
0.0,0.21459356
0.0,0.22598572
0.0,0.08499754
1.0,0.39000195
0.0,0.16380376
0.0,0.3484503
0.0,0.04047888
0.0,0.16727504
0.0,0.22413264
1.0,0.3769342
0.0,0.1880445
0.0,0.10697884
0.0,0.11860493
0.0,0.05548478
0.0,0.17498368
0.0,0.09123236
0.0,0.1810718
0.0,0.2562075
0.0,0.11034742
0.0,0.14919294
0.0,0.049966354
0.0,0.23277527
0.0,0.14949445
0.0,0.34913987
0.0,0.10112306
1.0,0.2039843
0.0,0.0222974
0.0,0.12286592
1.0,0.41851118
1.0,0.31631777
0.0,0.22282739
0.0,0.2995235
0.0,0.13993485
0.0,0.2552139
0.0,0.04250553
0.0,0.4669323
0.0,0.13493504
0.0,0.32322103
0.0,0.143227
0.0,0.120739505
1.0,0.2226579
0.0,0.21111774
0.0,0.27913854
0.0,0.106606476
1.0,0.23450658
0.0,0.012576609
0.0,0.36157033
1.0,0.29326478
1.0,0.23315422
0.0,0.15647526
0.0,0.11417946
0.0,0.21629567
0.0,0.067520045
0.0,0.22548999
0.0,0.344513
0.0,0.27323583
0.0,0.17401183
1.0,0.5630135
0.0,0.16689415
1.0,0.50585365
0.0,0.078553855
0.0,0.5257695
0.0,0.19538383
1.0,0.31586003
1.0,0.41703779
0.0,0.0348921
0.0,0.23414989
0.0,0.26783314
0.0,0.17508587
1.0,0.520589
0.0,0.07241536
0.0,0.1597105
1.0,0.3295654
0.0,0.3570331
0.0,0.1330827
0.0,0.45528737
0.0,0.15736464
0.0,0.12496618
0.0,0.28623593
0.0,0.09981934
0.0,0.2152297
0.0,0.07653853
0.0,0.119455084
0.0,0.117864475
0.0,0.22825903
0.0,0.08801861
0.0,0.08869127
0.0,0.20608906
0.0,0.22863437
0.0,0.18239108
0.0,0.4248829
0.0,0.20388807
0.0,0.17353845
0.0,0.13473077
0.0,0.13280569
0.0,0.180308
1.0,0.33304113
0.0,0.4082234
0.0,0.14621638
0.0,0.20496374
1.0,0.5177971
0.0,0.20239478
0.0,0.5283756
1.0,0.21564385
0.0,0.09160319
0.0,0.11488553
0.0,0.10685693
0.0,0.29271656
0.0,0.08369785
0.0,0.101806365
0.0,0.05966911
0.0,0.25075036
1.0,0.15616667
0.0,0.25672448
0.0,0.08889367
0.0,0.33835188
0.0,0.23446856
0.0,0.11780294
0.0,0.114081174
1.0,0.27690616
0.0,0.079269454
0.0,0.13169967
1.0,0.3746413
0.0,0.16404803
0.0,0.09226469
0.0,0.2112773
1.0,0.41379845
0.0,0.07763601
1.0,0.36922288
0.0,0.34730336
0.0,0.07268251
0.0,0.124988526
0.0,0.055047106
0.0,0.18049343
0.0,0.024685362
0.0,0.18544589
1.0,0.5115224
0.0,0.14793119
1.0,0.3185218
1.0,0.28455806
0.0,0.080351315
0.0,0.07246561
0.0,0.21875127
1.0,0.37831843
0.0,0.22395755
0.0,0.21520124
1.0,0.19831757
0.0,0.109186724
0.0,0.23696905
0.0,0.33975688
1.0,0.2694607
0.0,0.11839757
0.0,0.109022655
1.0,0.40100357
1.0,0.2381491
0.0,0.13296361
0.0,0.11113431
0.0,0.16631
0.0,0.1395863
0.0,0.19615966
1.0,0.47660887
0.0,0.21201263
0.0,0.11243295
0.0,0.19456066
0.0,0.083686195
0.0,0.24851134
0.0,0.057888657
1.0,0.2081522
0.0,0.14524694
1.0,0.4420006
0.0,0.11565435
0.0,0.06786881
0.0,0.108535424
1.0,0.21085738
0.0,0.36402023
0.0,0.15730163
1.0,0.3980563
0.0,0.06387255
0.0,0.24850835
0.0,0.38914928
0.0,0.20952487
0.0,0.12074768
0.0,0.09068397
0.0,0.15445822
0.0,0.1655811
1.0,0.51014394
0.0,0.09692133
0.0,0.22757956
0.0,0.083185256
0.0,0.0792282
0.0,0.406484
0.0,0.3361149
0.0,0.15122598
0.0,0.20299615
0.0,0.35973522
1.0,0.19957711
0.0,0.22850348
0.0,0.09243736
1.0,0.13742101
0.0,0.06292535
0.0,0.106147625
1.0,0.33852366
0.0,0.16081087
0.0,0.08767787
0.0,0.086432025
1.0,0.203652
0.0,0.16764301
0.0,0.2871403
0.0,0.17249246
1.0,0.4463682
1.0,0.22908966
1.0,0.34761927
0.0,0.16116203
0.0,0.2103784
0.0,0.32068098
1.0,0.45050657
0.0,0.3003987
0.0,0.102677226
0.0,0.3003052
0.0,0.25042304
0.0,0.14088948
0.0,0.101625174
1.0,0.38361678
0.0,0.33521983
0.0,0.17390223
0.0,0.111141235
0.0,0.21293028
0.0,0.118855886
1.0,0.31520757
0.0,0.30341464
1.0,0.17273429
0.0,0.23734377
0.0,0.08217641
0.0,0.29243183
0.0,0.0751742
0.0,0.120363995
0.0,0.07600559
1.0,0.500375
0.0,0.043928392
0.0,0.2048575
0.0,0.13911867
0.0,0.077663206
0.0,0.20447695
0.0,0.2691944
0.0,0.18291533
1.0,0.31632066
1.0,0.053211357
0.0,0.24249952
0.0,0.1946637
0.0,0.23563035
0.0,0.22716708
1.0,0.31136367
0.0,0.14685377
1.0,0.30418563
0.0,0.115600266
0.0,0.13386561
1.0,0.34352595
1.0,0.28502995
0.0,0.14476138
0.0,0.13819231
0.0,0.106404915
0.0,0.08077658
0.0,0.28247127
0.0,0.45614684
0.0,0.20746039
0.0,0.12591946
0.0,0.5173783
1.0,0.28502455
0.0,0.23803174
1.0,0.49433255
1.0,0.25347787
0.0,0.043990616
0.0,0.08922523
0.0,0.14562386
0.0,0.21381678
0.0,0.261996
0.0,0.055763543
0.0,0.11712795
0.0,0.17056207
0.0,0.13820763
0.0,0.16925183
1.0,0.24384609
0.0,0.22694328
0.0,0.17916673
0.0,0.102030456
0.0,0.23227958
1.0,0.43952817
0.0,0.08557935
0.0,0.26543865
1.0,0.07669186
1.0,0.40719
0.0,0.22952098
0.0,0.102881946
0.0,0.08771026
1.0,0.3453903
0.0,0.095498644
0.0,0.1170852
0.0,0.14417708
0.0,0.110680476
0.0,0.18683614
0.0,0.17746568
0.0,0.12353368
0.0,0.12055405
0.0,0.20359088
0.0,0.16152397
0.0,0.16656034
0.0,0.20904216
0.0,0.09650853
0.0,0.43009073
1.0,0.5096506
1.0,0.16320206
0.0,0.058927197
0.0,0.512127
0.0,0.23760295
0.0,0.1414989
0.0,0.16051474
0.0,0.1446179
0.0,0.09497909
0.0,0.13377294
0.0,0.05984199
0.0,0.101954505
1.0,0.42022958
1.0,0.4759294
0.0,0.18100205
0.0,0.25120902
0.0,0.13045081
0.0,0.12283707
0.0,0.09579846
0.0,0.18827897
1.0,0.27770633
1.0,0.26002946
1.0,0.3370202
0.0,0.09850143
0.0,0.16248569
1.0,0.18814154
0.0,0.12034638
0.0,0.18526025
0.0,0.17311418
0.0,0.11970584
0.0,0.14934896
0.0,0.12233379
0.0,0.1265595
0.0,0.44013044
0.0,0.025331065
0.0,0.2617262
0.0,0.19231056
0.0,0.29397532
0.0,0.25798813
0.0,0.12649667
0.0,0.12438709
0.0,0.06924196
1.0,0.3584556
0.0,0.09396148
1.0,0.36736992
1.0,0.15333241
0.0,0.19532374
0.0,0.20618786
1.0,0.45136714
0.0,0.0777514
1.0,0.11479256
1.0,0.38660493
0.0,0.122806914
0.0,0.09252604
0.0,0.13185906
1.0,0.22969607
0.0,0.13273905
1.0,0.37883008
0.0,0.19139388
1.0,0.1608737
0.0,0.09295723
1.0,0.25814635
0.0,0.08695046
0.0,0.096178286
0.0,0.050554756
0.0,0.11376667
0.0,0.11154997
0.0,0.13745712
0.0,0.270897
0.0,0.12849995
0.0,0.22369467
0.0,0.3038587
1.0,0.23484932
0.0,0.20244719
0.0,0.21232519
0.0,0.17168958
0.0,0.3650714
0.0,0.19502608
0.0,0.0101999715
0.0,0.2257865
1.0,0.21523426
0.0,0.12333572
1.0,0.2987158
0.0,0.4377729
0.0,0.16990805
1.0,0.48703358
0.0,0.11757865
0.0,0.08718564
0.0,0.07929841
1.0,0.25395155
0.0,0.1443218
1.0,0.08016488
0.0,0.03282332
1.0,0.13116649
1.0,0.2001851
0.0,0.15762256
0.0,0.24487019
0.0,0.06822235
0.0,0.05620702
1.0,0.21777876
0.0,0.14803913
0.0,0.06340292
1.0,0.1887799
0.0,0.31511757
0.0,0.22754133
0.0,0.30511677
0.0,0.144879
0.0,0.29373345
0.0,0.24199423
0.0,0.16508633
0.0,0.2866324
0.0,0.17526585
1.0,0.36125672
0.0,0.08730632
0.0,0.21866183
0.0,0.1371343
0.0,0.22704087
0.0,0.17272283
0.0,0.18251958
0.0,0.18746781
0.0,0.22275989
0.0,0.12902634
0.0,0.029962417
0.0,0.081987984
1.0,0.39477932
0.0,0.34705362
0.0,0.25850716
1.0,0.29560533
0.0,0.20140961
0.0,0.0947867
0.0,0.14109567
0.0,0.087513946
0.0,0.28021297
0.0,0.19869176
1.0,0.1298299
0.0,0.029505087
0.0,0.27490792
1.0,0.2631542
1.0,0.28601933
1.0,0.4006917
0.0,0.12244062
0.0,0.20706399
0.0,0.14562647
1.0,0.28343517
0.0,0.14772157
0.0,0.08295975
1.0,0.26125184
0.0,0.29378408
0.0,0.017583588
0.0,0.13941792
1.0,0.3772403
0.0,0.29035616
0.0,0.3079301
0.0,0.2135356
0.0,0.1156132
0.0,0.04823848
0.0,0.24830765
0.0,0.33579114
0.0,0.076615214
0.0,0.10454397
0.0,0.11897289
0.0,0.21081994
0.0,0.20577241
0.0,0.09176757
0.0,0.1272932
0.0,0.18920058
0.0,0.15185563
0.0,0.10417792
0.0,0.2020197
0.0,0.1879311
0.0,0.07598
0.0,0.07197776
0.0,0.22149867
1.0,0.12086238
1.0,0.35622036
0.0,0.2653758
0.0,0.111641996
0.0,0.21984811
0.0,0.18943378
0.0,0.32710484
0.0,0.36152327
0.0,0.11497292
0.0,0.08730294
0.0,0.13046752
1.0,0.5023535
0.0,0.18546963
0.0,0.21431859
0.0,0.19214049
0.0,0.34706998
0.0,0.2452898
0.0,0.098338984
0.0,0.13119975
0.0,0.108756796
1.0,0.4657985
0.0,0.076434694
0.0,0.07404929
0.0,0.07393668
0.0,0.05796784
0.0,0.3215821
0.0,0.18077391
0.0,0.16548894
1.0,0.15703952
1.0,0.18512145
0.0,0.30404222
1.0,0.2943988
0.0,0.19141133
0.0,0.101537645
0.0,0.20833606
0.0,0.14468382
0.0,0.12815331
0.0,0.18878914
1.0,0.45742035
0.0,0.10621302
0.0,0.068220034
0.0,0.21009651
1.0,0.23718083
0.0,0.2944447
0.0,0.12568387
0.0,0.070085235
0.0,0.111842714
0.0,0.14339381
0.0,0.09392839
1.0,0.35174432
1.0,0.5221422
0.0,0.2777646
1.0,0.19864684
0.0,0.17152198
1.0,0.23511732
0.0,0.22893505
0.0,0.06434784
0.0,0.30969703
0.0,0.17620642
1.0,0.22562316
0.0,0.2065755
0.0,0.32211685
0.0,0.2768262
0.0,0.21305417
0.0,0.3003187
1.0,0.21028143
0.0,0.05114794
0.0,0.14934735
0.0,0.3414616
0.0,0.21697693
0.0,0.21846858
0.0,0.072775505
0.0,0.40194
1.0,0.48118776
1.0,0.3359748
0.0,0.08618929
0.0,0.15874831
1.0,0.15710911
1.0,0.26132822
0.0,0.20015657
1.0,0.25500554
0.0,0.1578731
0.0,0.06916395
0.0,0.20077176
0.0,0.13897726
0.0,0.25347057
0.0,0.12475044
0.0,0.206893
0.0,0.07409816
0.0,0.16935141
0.0,0.23450702
0.0,0.21164177
1.0,0.32920814
0.0,0.11199138
0.0,0.2971131
0.0,0.04648689
0.0,0.28528783
0.0,0.1810649
0.0,0.11923996
0.0,0.09363925
1.0,0.43116263
0.0,0.12396659
0.0,0.1774271
1.0,0.2906539
0.0,0.29557046
0.0,0.36768508
0.0,0.05921467
0.0,0.06103545
0.0,0.19374424
0.0,0.20890294
1.0,0.3643624
0.0,0.06328688
0.0,0.20811012
0.0,0.13325201
0.0,0.13454603
0.0,0.08830322
0.0,0.20390005
1.0,0.29033157
0.0,0.29758203
0.0,0.08697212
0.0,0.104247525
1.0,0.37387255
0.0,0.104645796
0.0,0.09678611
0.0,0.33417013
0.0,0.18486531
0.0,0.14815013
0.0,0.15970863
0.0,0.07579317
1.0,0.18632655
1.0,0.39389002
0.0,0.063180126
0.0,0.09823133
0.0,0.21319263
0.0,0.069034755
0.0,0.3710293
0.0,0.079751685
1.0,0.28248453
0.0,0.11475944
0.0,0.16427165
0.0,0.19825228
0.0,0.14176387
1.0,0.43614304
0.0,0.20938125
0.0,0.28660065
0.0,0.289701
1.0,0.36100444
1.0,0.29913172
1.0,0.43134582
0.0,0.22935838
0.0,0.07260246
0.0,0.2186996
0.0,0.08028243
0.0,0.20556723
0.0,0.08205509
0.0,0.055709913
0.0,0.1929456
0.0,0.07514339
0.0,0.088508874
1.0,0.43448558
0.0,0.19848514
0.0,0.122465834
0.0,0.16135961
0.0,0.42355224
0.0,0.20277312
0.0,0.27657032
0.0,0.06690504
0.0,0.0999983
0.0,0.12059079
1.0,0.50516945
0.0,0.30794588
0.0,0.361412
0.0,0.13551827
0.0,0.33552772
0.0,0.38289443
0.0,0.12857282
0.0,0.1259474
0.0,0.14010017
0.0,0.2213669
0.0,0.29176742
0.0,0.21960025
0.0,0.24066214
0.0,0.33314538
0.0,0.15060185
0.0,0.12331744
0.0,0.17309332
0.0,0.41702625
0.0,0.24750626
0.0,0.08111119
0.0,0.25855932
0.0,0.14528316
0.0,0.1482322
0.0,0.12425214
0.0,0.11860842
0.0,0.19906448
0.0,0.083941795
0.0,0.15236202
0.0,0.13409732
0.0,0.26187092
1.0,0.48372203
0.0,0.32138926
1.0,0.089029945
1.0,0.43978557
1.0,0.5028496
0.0,0.4066524
0.0,0.15310471
0.0,0.30938983
0.0,0.12926151
0.0,0.07532182
1.0,0.22961813
1.0,0.15860341
0.0,0.21717967
1.0,0.2619084
0.0,0.1209461
0.0,0.18206726
1.0,0.39271635
0.0,0.25462136
0.0,0.12048776
0.0,0.27323717
1.0,0.103142254
0.0,0.122829065
0.0,0.44219542
0.0,0.5211718
0.0,0.2381913
1.0,0.20255606
0.0,0.13222538
1.0,0.32288873
0.0,0.1868066
1.0,0.3973467
1.0,0.18096505
0.0,0.2728069
0.0,0.1600185
0.0,0.101476505
0.0,0.2374254
0.0,0.17483573
1.0,0.29436484
0.0,0.18085733
0.0,0.18743818
0.0,0.18085112
0.0,0.23851907
1.0,0.17832287
0.0,0.10664268
0.0,0.20870158
0.0,0.007667841
0.0,0.23246013
0.0,0.10222308
0.0,0.1601232
1.0,0.08453354
0.0,0.28501418
0.0,0.10367292
0.0,0.12363653
1.0,0.41716823
0.0,0.2557406
1.0,0.22113296
0.0,0.3109436
0.0,0.14927158
0.0,0.13801438
0.0,0.14776178
0.0,0.16289176
0.0,0.21270278
0.0,0.0537655
1.0,0.45625255
1.0,0.44798267
0.0,0.23695219
0.0,0.17122565
1.0,0.34483552
0.0,0.26565114
0.0,0.12174998
1.0,0.27811664
0.0,0.12934443
0.0,0.40793878
0.0,0.18229882
0.0,0.08393417
0.0,0.1811402
0.0,0.14914016
0.0,0.31161064
0.0,0.27321145
1.0,0.21299559
0.0,0.25580505
1.0,0.44036427
0.0,0.08552408
1.0,0.35255557
0.0,0.38388515
0.0,0.06912362
0.0,0.1895105
0.0,0.35546514
0.0,0.18777403
0.0,0.09754185
0.0,0.050722998
0.0,0.16498339
0.0,0.13225661
0.0,0.22840305
0.0,0.09948753
1.0,0.21392237
1.0,0.46946338
0.0,0.16666941
0.0,0.21474573
0.0,0.056329105
0.0,0.142449
0.0,0.38266623
0.0,0.09737299
0.0,0.15836914
0.0,0.07402637
0.0,0.24173614
1.0,0.3590026
0.0,0.11233127
0.0,0.2210046
0.0,0.124785505
0.0,0.11711408
0.0,0.20830148
0.0,0.16134815
0.0,0.067500524
1.0,0.378096
0.0,0.16960278
0.0,0.08564428
0.0,0.097191244
0.0,0.11979619
1.0,0.48451635
0.0,0.14704528
0.0,0.2540963
0.0,0.25064853
1.0,0.47237
0.0,0.21226741
0.0,0.14576784
1.0,0.52866495
0.0,0.21342143
0.0,0.18808219
1.0,0.5083758
0.0,0.11791525
1.0,0.36778727
0.0,0.21033059
0.0,0.08072871
1.0,0.31675053
0.0,0.3224393
0.0,0.25806808
1.0,0.27525476
0.0,0.1543522
0.0,0.18617561
0.0,0.08425008
0.0,0.25450864
0.0,0.22820076
0.0,0.3710293
0.0,0.22654513
0.0,0.29986763
0.0,0.045638524
0.0,0.10198772
0.0,0.29166257
0.0,0.16886348
0.0,0.0869455
0.0,0.14471155
0.0,0.122734606
0.0,0.10341388
0.0,0.15924937
0.0,0.28099775
0.0,0.09518065
0.0,0.15825586
1.0,0.232106
1.0,0.3871482
0.0,0.1363755
0.0,0.17562652
0.0,0.34070575
0.0,0.044672333
0.0,0.20373644
1.0,0.24166475
0.0,0.13149855
0.0,0.24021645
0.0,0.18021388
0.0,0.25067443
1.0,0.26331478
0.0,0.19768277
0.0,0.06924406
1.0,0.36364892
0.0,0.16044056
0.0,0.40851215
0.0,0.17735994
1.0,0.1367039
0.0,0.15468083
1.0,0.4025939
1.0,0.42238277
0.0,0.18337022
1.0,0.27604863
0.0,0.09907156
0.0,0.17116739
0.0,0.23162925
0.0,0.08514784
0.0,0.06702248
0.0,0.16165343
1.0,0.16902523
0.0,0.1133871
0.0,0.14769967
0.0,0.09101494
0.0,0.11042611
1.0,0.3182073
1.0,0.4718311
1.0,0.30211097
0.0,0.13192843
0.0,0.32177326
0.0,0.35093784
0.0,0.18724592
0.0,0.06796103
0.0,0.30002478
1.0,0.22014469
0.0,0.12371907
1.0,0.48191634
0.0,0.10939735
0.0,0.29356834
0.0,0.059183948
1.0,0.5528382
0.0,0.09810825
0.0,0.22704692
0.0,0.07782187
1.0,0.30603293
1.0,0.26826543
1.0,0.39439952
0.0,0.0999832
0.0,0.060796544
0.0,0.40178752
0.0,0.30740365
0.0,0.04578303
1.0,0.22657694
1.0,0.23660693
0.0,0.1820271
0.0,0.10903321
0.0,0.29330307
0.0,0.19437249
0.0,0.17405227
0.0,0.24850293
0.0,0.06050994
0.0,0.101116724
0.0,0.09346808
0.0,0.09571552
0.0,0.20676365
0.0,0.34374323
1.0,0.39633
0.0,0.28287926
1.0,0.1471926
0.0,0.1261021
0.0,0.14527002
1.0,0.23558648
0.0,0.15824042
0.0,0.10315046
1.0,0.50480926
0.0,0.27641124
0.0,0.055133186
0.0,0.27575067
0.0,0.17140725
0.0,0.09039551
0.0,0.39279756
0.0,0.12298486
0.0,0.11721717
0.0,0.17542209
0.0,0.16924249
0.0,0.08249465
0.0,0.29700875
0.0,0.14612252
1.0,0.18435737
0.0,0.25059122
0.0,0.13048463
0.0,0.114331245
0.0,0.29654765
0.0,0.09351815
0.0,0.22966766
0.0,0.19992985
0.0,0.16232698
0.0,0.19360618
1.0,0.1089151
0.0,0.2659642
1.0,0.25477603
0.0,0.31437773
0.0,0.062452264
0.0,0.10010989
0.0,0.26366487
1.0,0.12663092
1.0,0.22185028
0.0,0.20717898
0.0,0.05209976
0.0,0.28775528
0.0,0.117928304
0.0,0.037420906
0.0,0.2971663
0.0,0.16858162
1.0,0.15379904
0.0,0.2996816
1.0,0.2785806
1.0,0.42545587
0.0,0.090772964
0.0,0.0669012
0.0,0.3193749
0.0,0.15818813
0.0,0.22161832
1.0,0.2393544
0.0,0.51085305
0.0,0.27767822
0.0,0.17628352
0.0,0.20590861
0.0,0.20577522
0.0,0.07102562
0.0,0.1982573
0.0,0.13119657
0.0,0.12690009
1.0,0.4655859
1.0,0.4765872
0.0,0.09311727
0.0,0.12084579
0.0,0.17245248
0.0,0.22896777
0.0,0.30048102
0.0,0.20105095
1.0,0.4323832
1.0,0.23256569
0.0,0.114995055
0.0,0.116886884
0.0,0.10313085
0.0,0.11711029
0.0,0.4448205
1.0,0.36203983
0.0,0.09704295
0.0,0.057774458
0.0,0.23865949
0.0,0.14385292
0.0,0.10567592
0.0,0.1955467
0.0,0.06974762
0.0,0.15878412
1.0,0.404583
1.0,0.102102935
0.0,0.14228301
0.0,0.24693665
0.0,0.22638445
0.0,0.22137772
0.0,0.074061364
1.0,0.19118603
0.0,0.029340377
0.0,0.17649223
0.0,0.2325341
0.0,0.2358321
1.0,0.18602192
0.0,0.19885154
1.0,0.27543896
0.0,0.19944908
0.0,0.13923933
1.0,0.27867246
0.0,0.3483743
0.0,0.31838617
0.0,0.27622977
0.0,0.16731179
0.0,0.28098056
0.0,0.112954445
1.0,0.17366713
0.0,0.17328417
0.0,0.10995178
0.0,0.12473553
0.0,0.2798137
0.0,0.14352402
0.0,0.0656102
0.0,0.12548195
1.0,0.39126483
1.0,0.19761516
0.0,0.16214322
0.0,0.17831169
0.0,0.23976922
0.0,0.19136539
1.0,0.35312977
0.0,0.23247321
1.0,0.33949897
0.0,0.122578874
0.0,0.1078045
1.0,0.28935537
0.0,0.19122037
0.0,0.23974967
1.0,0.2762436
0.0,0.23234256
0.0,0.21184847
0.0,0.056215234
0.0,0.08097524
0.0,0.10768359
1.0,0.25273955
1.0,0.35729575
0.0,0.121992
1.0,0.19356836
0.0,0.13958375
0.0,0.19371988
0.0,0.09472207
1.0,0.3562034
0.0,0.23821251
1.0,0.2765941
1.0,0.38154885
0.0,0.4262504
1.0,0.30925316
1.0,0.24624422
0.0,0.092874356
0.0,0.25726825
0.0,0.12836207
0.0,0.22145478
0.0,0.11828165
1.0,0.449413
0.0,0.29196838
0.0,0.103980586
0.0,0.26541337
0.0,0.18412112
0.0,0.22521666
1.0,0.15448952
0.0,0.3121473
0.0,0.18488921
1.0,0.39652658
0.0,0.32475978
0.0,0.079899915
0.0,0.10026856
0.0,0.2038796
0.0,0.22305754
0.0,0.14308631
0.0,0.1892104
0.0,0.24233815
0.0,0.06450103
0.0,0.068483144
0.0,0.07456344
0.0,0.13249877
0.0,0.2847208
1.0,0.3574502
1.0,0.2855243
0.0,0.36297336
1.0,0.18005593
0.0,0.35888922
1.0,0.33385673
0.0,0.39280316
0.0,0.08198165
0.0,0.20695093
0.0,0.18182845
0.0,0.07357965
0.0,0.09179552
1.0,0.2514553
0.0,0.16375951
0.0,0.14803751
1.0,0.10241941
1.0,0.25882348
0.0,0.15162821
1.0,0.111568965
0.0,0.08982089
1.0,0.17019784
1.0,0.47400132
1.0,0.25402853
1.0,0.27203724
0.0,0.04615793
1.0,0.28830993
0.0,0.19541346
1.0,0.27462408
1.0,0.169889
0.0,0.07878802
0.0,0.16090088
0.0,0.099236965
0.0,0.14260902
0.0,0.14332992
1.0,0.3840399
0.0,0.18381007
1.0,0.37991092
0.0,0.23243508
0.0,0.06853014
0.0,0.07335095
1.0,0.49430758
1.0,0.26272646
0.0,0.112921566
0.0,0.20797953
0.0,0.11076062
1.0,0.5226869
0.0,0.14608474
0.0,0.10353146
0.0,0.2659497
0.0,0.061648883
0.0,0.19432175
1.0,0.46499622
0.0,0.2730837
0.0,0.24986844
0.0,0.04514813
0.0,0.10380639
0.0,0.09855792
0.0,0.2544805
0.0,0.3679289
0.0,0.1940346
0.0,0.11586408
0.0,0.42650422
1.0,0.366809
1.0,0.40591168
0.0,0.14039831
1.0,0.26836017
1.0,0.21842863
0.0,0.11856132
1.0,0.27759627
1.0,0.17794271
0.0,0.31791157
0.0,0.21906269
0.0,0.21078737
0.0,0.07091665
0.0,0.26710814
0.0,0.35516104
0.0,0.20431599
0.0,0.20885883
0.0,0.12642834
0.0,0.13579923
1.0,0.34934178
1.0,0.3655251
0.0,0.05946452
1.0,0.5313143
0.0,0.13982919
0.0,0.21826799
1.0,0.26085067
0.0,0.25575736
0.0,0.17320041
1.0,0.37200692
0.0,0.29680687
0.0,0.18020386
0.0,0.12646516
0.0,0.14577706
0.0,0.13273212
0.0,0.23630778
1.0,0.20225602
0.0,0.118915044
0.0,0.08608929
1.0,0.49993062
0.0,0.14809448
0.0,0.07078572
0.0,0.17182036
1.0,0.43652353
0.0,0.058359165
1.0,0.23711754
0.0,0.098277204
0.0,0.21535799
0.0,0.11648541
0.0,0.12915279
0.0,0.14250802
1.0,0.076414295
1.0,0.48568514
0.0,0.09727069
1.0,0.32334405
0.0,0.12051539
0.0,0.20148548
0.0,0.20988718
0.0,0.20284529
0.0,0.2617181
0.0,0.072381936
1.0,0.5265901
0.0,0.119062684
0.0,0.47483674
0.0,0.20279844
0.0,0.11492142
0.0,0.15766576
0.0,0.06606356
0.0,0.16874024
0.0,0.2905964
0.0,0.17796111
1.0,0.2763175
0.0,0.16202015
0.0,0.2151832
1.0,0.35260823
0.0,0.10508817
0.0,0.067417406
1.0,0.1980671
0.0,0.32873747
0.0,0.21657224
0.0,0.33443886
1.0,0.42244107
0.0,0.077218175
1.0,0.32211795
0.0,0.23276792
1.0,0.15342247
0.0,0.13548285
0.0,0.26771358
0.0,0.15947115
0.0,0.3014828
0.0,0.12686916
0.0,0.10698907
0.0,0.48727518
0.0,0.067079544
0.0,0.14899415
1.0,0.2133692
0.0,0.16673343
0.0,0.3983353
0.0,0.06710563
1.0,0.2660638
1.0,0.3972355
1.0,0.2682486
0.0,0.07127826
0.0,0.06925025
0.0,0.34983033
0.0,0.021476012
0.0,0.12373288
0.0,0.13267942
0.0,0.2014723
1.0,0.475878
0.0,0.08521231
0.0,0.3230438
1.0,0.15429296
0.0,0.09566556
0.0,0.19901414
0.0,0.069951534
0.0,0.30415112
0.0,0.27716193
0.0,0.20120484
0.0,0.05324527
1.0,0.4432197
0.0,0.07298874
1.0,0.11654528
0.0,0.41093698
0.0,0.30043313
0.0,0.09318878
1.0,0.42647058
0.0,0.10788258
0.0,0.20333685
1.0,0.08681267
0.0,0.21125247
0.0,0.15604596
0.0,0.2322832
0.0,0.23233499
0.0,0.12250734
1.0,0.34239367
0.0,0.29268718
0.0,0.15623118
0.0,0.08759682
0.0,0.30878937
0.0,0.17508814
0.0,0.09593904
0.0,0.19378589
0.0,0.084885985
0.0,0.1175356
0.0,0.29580334
1.0,0.27074203
0.0,0.37831676
0.0,0.17138681
0.0,0.08765806
0.0,0.06419102
1.0,0.35623196
1.0,0.46635744
1.0,0.558684
0.0,0.09124317
0.0,0.10571074
0.0,0.18431933
0.0,0.20894428
0.0,0.22565599
0.0,0.4468083
0.0,0.4686058
0.0,0.06241538
0.0,0.12810138
0.0,0.13141774
0.0,0.14987588
1.0,0.2989487
1.0,0.07444212
1.0,0.2148816
1.0,0.28846052
0.0,0.099251695
1.0,0.23026772
1.0,0.1313107
0.0,0.12770486
0.0,0.07846744
1.0,0.39608774
0.0,0.121696174
0.0,0.2284544
0.0,0.14274238
0.0,0.15799497
0.0,0.26002923
0.0,0.1107927
0.0,0.057017636
0.0,0.31099078
0.0,0.20715395
0.0,0.21341787
0.0,0.20737498
1.0,0.21095736
0.0,0.21549499
0.0,0.08593073
1.0,0.35440964
0.0,0.12613729
0.0,0.18963043
0.0,0.2305525
1.0,0.23736736
0.0,0.065346226
1.0,0.13531314
0.0,0.16205932
1.0,0.27324042
1.0,0.39436793
0.0,0.07383977
0.0,0.30891925
0.0,0.075432144
1.0,0.46868655
0.0,0.07501448
0.0,0.1996554
1.0,0.18519081
0.0,0.1460713
0.0,0.28529215
0.0,0.3562311
0.0,0.16055185
0.0,0.47868642
0.0,0.112089
0.0,0.1158422
0.0,0.24285778
0.0,0.09699461
1.0,0.23331808
0.0,0.15858935
0.0,0.06250109
0.0,0.07743612
0.0,0.28798392
0.0,0.26636645
0.0,0.1554544
0.0,0.084756576
0.0,0.3562631
0.0,0.18022224
0.0,0.23025505
0.0,0.21779363
0.0,0.15059698
0.0,0.14216034
1.0,0.41986102
0.0,0.096811205
1.0,0.31270212
1.0,0.25913697
0.0,0.28234395
0.0,0.047598258
1.0,0.41096324
0.0,0.20046571
0.0,0.1870363
0.0,0.26079053
0.0,0.08590255
0.0,0.1355856
1.0,0.17709625
1.0,0.39724025
0.0,0.07953679
1.0,0.21565086
1.0,0.17811485
0.0,0.30343527
0.0,0.3244095
0.0,0.11737172
1.0,0.15645613
1.0,0.07966594
0.0,0.23478939
0.0,0.31489685
0.0,0.43106112
1.0,0.13831007
0.0,0.096074015
0.0,0.12002389
0.0,0.21402957
0.0,0.41714245
1.0,0.5374413
0.0,0.27567282
0.0,0.040131025
0.0,0.21015851
0.0,0.26641732
0.0,0.05430011
0.0,0.37684354
0.0,0.36405033
0.0,0.0850818
1.0,0.15169154
1.0,0.2697496
0.0,0.20252426
0.0,0.113342196
0.0,0.21690772
1.0,0.2763776
0.0,0.12678611
1.0,0.36939898
0.0,0.39524302
0.0,0.15521476
1.0,0.2550711
0.0,0.08122824
0.0,0.11496944
1.0,0.24374446
0.0,0.22460003
0.0,0.072353326
1.0,0.30690798
1.0,0.3261513
0.0,0.2109226
0.0,0.27672344
0.0,0.17525087
0.0,0.33158582
0.0,0.113147244
0.0,0.06819123
1.0,0.16456792
0.0,0.060427435
0.0,0.2132964
0.0,0.25266707
1.0,0.15202704
0.0,0.1344711
0.0,0.3067686
0.0,0.20832351
0.0,0.23023142
0.0,0.082004175
1.0,0.25150427
0.0,0.2599508
0.0,0.07981922
0.0,0.15733428
1.0,0.45040676
0.0,0.2064152
0.0,0.10257406
0.0,0.24664193
0.0,0.2842578
1.0,0.15544406
0.0,0.17788273
0.0,0.26582432
0.0,0.35413608
0.0,0.18066916
1.0,0.3606384
0.0,0.11734667
0.0,0.11641314
1.0,0.37028277
0.0,0.026747731
1.0,0.19132546
0.0,0.17521055
0.0,0.09996771
0.0,0.068561375
1.0,0.22425658
0.0,0.20997229
0.0,0.19181453
0.0,0.10579939
1.0,0.17694275
0.0,0.270638
0.0,0.28898695
0.0,0.08334466
0.0,0.17170344
0.0,0.2422306
0.0,0.2302141
0.0,0.087793365
0.0,0.277072
0.0,0.15448406
0.0,0.10894817
0.0,0.10687927
0.0,0.24111883
0.0,0.23165025
0.0,0.13550709
0.0,0.13540442
1.0,0.28888276
0.0,0.2749987
0.0,0.072334684
0.0,0.06666795
0.0,0.17228203
0.0,0.28599766
0.0,0.03093779
1.0,0.13214377
1.0,0.26159263
1.0,0.06726041
1.0,0.32929474
0.0,0.046273768
0.0,0.12167283
1.0,0.22105233
0.0,0.07103737
0.0,0.044278275
0.0,0.1245819
1.0,0.1253415
0.0,0.15707822
0.0,0.31582275
0.0,0.24592586
0.0,0.4567941
0.0,0.08193152
0.0,0.28820762
0.0,0.13882308
0.0,0.10609257
0.0,0.40156445
0.0,0.026810424
1.0,0.15269305
0.0,0.2358695
0.0,0.09241564
0.0,0.14977719
1.0,0.22093628
1.0,0.3330981
1.0,0.44483748
0.0,0.059506033
1.0,0.3585557
0.0,0.07209928
0.0,0.20759498
0.0,0.07252981
0.0,0.21144317
0.0,0.17794177
0.0,0.15291557
0.0,0.26034272
0.0,0.13815153
0.0,0.10007717
0.0,0.14213179
0.0,0.16533123
0.0,0.31893152
0.0,0.07574158
0.0,0.14376554
0.0,0.1788982
1.0,0.55539304
0.0,0.19751485
0.0,0.23617883
0.0,0.10929943
1.0,0.14855327
0.0,0.26193532
0.0,0.3341756
1.0,0.5331444
1.0,0.42921013
1.0,0.5234728
0.0,0.21553056
1.0,0.4783328
1.0,0.21956608
0.0,0.09085124
0.0,0.30646798
1.0,0.3828058
0.0,0.12101349
1.0,0.44498265
1.0,0.18689115
0.0,0.13279636
0.0,0.30772296
0.0,0.14786278
0.0,0.10146207
0.0,0.043041985
1.0,0.31127277
0.0,0.09100295
1.0,0.38335744
0.0,0.109552525
0.0,0.23574191
0.0,0.16346544
0.0,0.16213982
0.0,0.18238977
0.0,0.100057214
0.0,0.11347901
0.0,0.28663385
1.0,0.3696825
1.0,0.22757308
0.0,0.19293676
0.0,0.08899501
0.0,0.16130337
0.0,0.2843968
0.0,0.3943332
0.0,0.17257522
0.0,0.1723885
0.0,0.11494267
0.0,0.42211658
0.0,0.3561915
1.0,0.42850384
0.0,0.3280642
0.0,0.07324778
0.0,0.15726437
0.0,0.15345849
0.0,0.17713326
0.0,0.08940135
0.0,0.17065364
0.0,0.3490552
0.0,0.22680762
0.0,0.055590805
0.0,0.17922546
1.0,0.23734163
0.0,0.036923707
0.0,0.18090884
0.0,0.22861013
0.0,0.17138799
0.0,0.11150812
0.0,0.42006835
0.0,0.24187681
1.0,0.22182658
0.0,0.09942819
0.0,0.13496318
0.0,0.28313717
1.0,0.2822126
0.0,0.09507016
0.0,0.30278876
0.0,0.13208029
0.0,0.17173904
0.0,0.44877657
0.0,0.04369659
0.0,0.08027084
0.0,0.105042875
0.0,0.092020765
0.0,0.12435606
1.0,0.42189634
0.0,0.06527535
0.0,0.33495903
0.0,0.06213137
0.0,0.10242263
0.0,0.1452671
0.0,0.07044877
0.0,0.1711132
0.0,0.38922396
0.0,0.35227454
0.0,0.079580374
0.0,0.25853097
0.0,0.21143673
0.0,0.19074622
0.0,0.12011532
0.0,0.16145754
0.0,0.32488963
0.0,0.118474275
0.0,0.1626046
0.0,0.10902895
0.0,0.27608252
1.0,0.2823279
0.0,0.21371552
0.0,0.30775553
0.0,0.14381272
0.0,0.22861454
1.0,0.3051557
0.0,0.32612652
0.0,0.031943806
0.0,0.080433
0.0,0.23526661
0.0,0.1977064
1.0,0.3579648
0.0,0.1642526
0.0,0.16987741
0.0,0.16197577
0.0,0.20480403
0.0,0.24881144
0.0,0.27271283
0.0,0.04118117
0.0,0.115811735
0.0,0.06234553
0.0,0.134866
0.0,0.19651352
0.0,0.17252424
0.0,0.07886102
0.0,0.46050596
0.0,0.12913856
0.0,0.22966018
0.0,0.064041205
0.0,0.07079763
0.0,0.37392575
0.0,0.06282304
0.0,0.16854501
0.0,0.09587935
1.0,0.2688668
0.0,0.17079537
0.0,0.33685222
0.0,0.12448553
0.0,0.08834867
0.0,0.1758943
0.0,0.24355517
0.0,0.30533177
0.0,0.25396538
0.0,0.12512466
0.0,0.18090364
1.0,0.3046478
1.0,0.35623866
1.0,0.16827306
0.0,0.08589512
0.0,0.17230184
0.0,0.21698669
0.0,0.10406929
0.0,0.103317164
0.0,0.114357755
0.0,0.28969678
0.0,0.2500697
0.0,0.08197435
1.0,0.2268687
1.0,0.16891807
0.0,0.16251165
0.0,0.09871244
0.0,0.26640955
0.0,0.06295489
0.0,0.21649341
1.0,0.08679155
0.0,0.12836516
1.0,0.5123523
0.0,0.14290158
0.0,0.12721065
0.0,0.0804012
1.0,0.13155772
0.0,0.22738852
1.0,0.30931208
0.0,0.2604754
0.0,0.099050045
1.0,0.5589591
0.0,0.124392435
0.0,0.17239197
0.0,0.09290047
0.0,0.2027635
1.0,0.5038742
0.0,0.17610708
0.0,0.26246732
1.0,0.50361246
0.0,0.09839315
0.0,0.102772094
0.0,0.24837402
0.0,0.19355345
1.0,0.21990341
0.0,0.23431662
1.0,0.35498533
0.0,0.06206328
0.0,0.057080723
0.0,0.3624277
0.0,0.11989873
0.0,0.38743672
1.0,0.2852513
1.0,0.21602502
1.0,0.117525734
0.0,0.30746874
0.0,0.07134588
0.0,0.06426038
0.0,0.08127935
0.0,0.116920955
0.0,0.14499354
0.0,0.14800446
0.0,0.17691474
0.0,0.21048163
0.0,0.3970278
0.0,0.057405803
0.0,0.21241087
0.0,0.09512576
1.0,0.2697845
1.0,0.486546
1.0,0.19937406
0.0,0.26127285
1.0,0.14491779
0.0,0.07902392
0.0,0.16720147
0.0,0.15685084
1.0,0.2528257
0.0,0.22328915
0.0,0.06501224
0.0,0.13892001
0.0,0.1610802
0.0,0.20458914
1.0,0.10143147
1.0,0.40631425
0.0,0.11538249
0.0,0.08756218
0.0,0.08843376
0.0,0.1594424
0.0,0.1814523
0.0,0.10373654
0.0,0.3458161
0.0,0.32123166
0.0,0.23407172
0.0,0.11984753
1.0,0.51545864
0.0,0.07424049
0.0,0.116050795
1.0,0.28449374
1.0,0.2392457
0.0,0.06865928
1.0,0.17780092
1.0,0.26585466
0.0,0.1482509
0.0,0.12939751
0.0,0.17130244
0.0,0.10732646
0.0,0.14281698
0.0,0.108457945
0.0,0.21144208
0.0,0.18631484
0.0,0.22952211
0.0,0.16155417
1.0,0.19008082
0.0,0.06770225
0.0,0.5115573
0.0,0.14215364
1.0,0.4468585
0.0,0.06596629
1.0,0.18723439
0.0,0.15364757
0.0,0.15029949
0.0,0.21414675
1.0,0.23005868
0.0,0.16983405
0.0,0.2535523
0.0,0.080720745
0.0,0.15739988
0.0,0.100020364
0.0,0.087901495
0.0,0.13890254
0.0,0.27123675
0.0,0.24669532
0.0,0.23029749
0.0,0.17051713
0.0,0.41205287
0.0,0.08674276
0.0,0.27721906
1.0,0.18046004
0.0,0.056292873
0.0,0.116035946
0.0,0.07657798
0.0,0.17309104
1.0,0.33014262
1.0,0.13074704
0.0,0.33373627
1.0,0.41784343
0.0,0.19033352
0.0,0.30774426
1.0,0.3474913
0.0,0.07790879
0.0,0.20077236
0.0,0.22034115
0.0,0.12230268
0.0,0.084663935
0.0,0.054018755
0.0,0.15439884
0.0,0.42194676
0.0,0.31911388
0.0,0.08436253
0.0,0.13960958
0.0,0.09396492
0.0,0.1260189
1.0,0.20770471
0.0,0.17308709
0.0,0.19373903
1.0,0.53393877
0.0,0.16529141
0.0,0.25891602
0.0,0.13315827
1.0,0.28761113
0.0,0.43767187
0.0,0.21858136
0.0,0.24222241
0.0,0.06365689
0.0,0.27142873
0.0,0.2691909
0.0,0.17734694
0.0,0.13365158
0.0,0.11049088
0.0,0.21694306
0.0,0.26701286
0.0,0.29069212
0.0,0.17140493
0.0,0.06630253
1.0,0.3808622
0.0,0.14576772
1.0,0.064605795
0.0,0.12533645
0.0,0.20845646
0.0,0.16570488
0.0,0.14618129
0.0,0.1409873
0.0,0.11058293
0.0,0.2339306
1.0,0.20793408
0.0,0.49116984
0.0,0.09320096
0.0,0.1605143
0.0,0.08053117
0.0,0.08083515
0.0,0.2530664
0.0,0.2339598
0.0,0.19515678
1.0,0.28859347
0.0,0.38814697
1.0,0.3830067
0.0,0.102622576
0.0,0.10464823
1.0,0.19681868
1.0,0.22866507
0.0,0.08533799
0.0,0.16099083
1.0,0.2912398
0.0,0.18146203
0.0,0.102049775
0.0,0.053578563
1.0,0.35683528
0.0,0.28097653
0.0,0.18668313
0.0,0.11751874
0.0,0.20240764
0.0,0.21937205
0.0,0.18679512
0.0,0.061446216
1.0,0.122188784
0.0,0.109089024
0.0,0.20462975
0.0,0.12340294
0.0,0.11194504
0.0,0.12512518
0.0,0.2300273
1.0,0.10380018
0.0,0.23064499
0.0,0.15128577
0.0,0.32114395
0.0,0.12098134
0.0,0.12559894
0.0,0.18153939
0.0,0.23327234
0.0,0.0798827
0.0,0.056965042
0.0,0.10689912
1.0,0.43445733
0.0,0.16043854
0.0,0.15604562
0.0,0.10474542
0.0,0.18021876
0.0,0.13215451
0.0,0.13108762
0.0,0.16408923
0.0,0.33165994
1.0,0.18404096
0.0,0.13511768
0.0,0.065391704
0.0,0.32005584
1.0,0.23458634
0.0,0.052617066
0.0,0.112596735
0.0,0.14637044
1.0,0.4421667
0.0,0.12132687
0.0,0.16592994
1.0,0.34015757
0.0,0.058489036
0.0,0.068239085
1.0,0.31662562
0.0,0.106447384
0.0,0.18555047
0.0,0.11632798
0.0,0.21126504
0.0,0.13346468
0.0,0.2313761
0.0,0.35667855
0.0,0.36659342
0.0,0.22918199
0.0,0.10853652
0.0,0.06740221
0.0,0.2732912
0.0,0.37093657
0.0,0.2738385
0.0,0.13910939
0.0,0.13149214
0.0,0.17989224
0.0,0.116348945
0.0,0.09491341
0.0,0.39194366
0.0,0.15308191
0.0,0.42506453
1.0,0.4506915
0.0,0.20080346
0.0,0.29094556
0.0,0.08088726
0.0,0.058426794
0.0,0.29666203
0.0,0.08169294
1.0,0.31769434
0.0,0.17673208
0.0,0.13504
0.0,0.145269
1.0,0.28292525
1.0,0.3383185
0.0,0.18141338
1.0,0.31589553
0.0,0.16572279
1.0,0.23016408
1.0,0.42433056
0.0,0.23582101
0.0,0.06436089
0.0,0.26155058
0.0,0.31638277
0.0,0.15424684
0.0,0.30092922
0.0,0.22040273
1.0,0.22329542
0.0,0.15082188
0.0,0.23353715
0.0,0.13828069
0.0,0.26928774
0.0,0.0978655
0.0,0.34323302
0.0,0.17384359
0.0,0.22049062
1.0,0.283627
0.0,0.4750145
0.0,0.26629075
1.0,0.46399298
1.0,0.36202273
0.0,0.093014576
0.0,0.22820124
1.0,0.06866001
0.0,0.2085543
1.0,0.4290783
0.0,0.14187653
0.0,0.0944548
1.0,0.09984358
0.0,0.22524622
1.0,0.09285684
0.0,0.28183556
0.0,0.19790882
0.0,0.19706562
0.0,0.24451092
0.0,0.06434129
0.0,0.45244837
0.0,0.08211933
0.0,0.12585533
0.0,0.27020448
1.0,0.21965466
0.0,0.3901368
0.0,0.16577177
0.0,0.04174445
0.0,0.12850824
0.0,0.22070819
0.0,0.26722682
0.0,0.12442091
0.0,0.35230222
0.0,0.1146695
0.0,0.13457409
1.0,0.26324913
0.0,0.45647225
1.0,0.47544554
0.0,0.046105195
0.0,0.14767691
0.0,0.07102715
0.0,0.25530803
0.0,0.14729463
0.0,0.108438544
0.0,0.08896587
0.0,0.13365959
0.0,0.37841472
0.0,0.09308693
1.0,0.2815906
1.0,0.16521434
1.0,0.3653673
0.0,0.10690049
0.0,0.31468257
0.0,0.109583214
0.0,0.14797722
0.0,0.14113167
1.0,0.29716036
0.0,0.31055552
0.0,0.16644593
0.0,0.28008783
0.0,0.2180945
0.0,0.07089357
0.0,0.09177342
0.0,0.09776323
0.0,0.2454089
1.0,0.37164187
0.0,0.1834526
0.0,0.16432954
0.0,0.2202243
0.0,0.43533736
1.0,0.27677238
1.0,0.18140471
0.0,0.117840484
0.0,0.16993286
1.0,0.27409708
1.0,0.10603271
0.0,0.37115896
1.0,0.10578369
0.0,0.08601542
0.0,0.24693707
0.0,0.34147254
1.0,0.31469208
1.0,0.33226502
1.0,0.33968413
0.0,0.14144714
0.0,0.08844635
0.0,0.12799285
0.0,0.10377229
0.0,0.2313748
0.0,0.09001315
0.0,0.15534683
0.0,0.17300536
1.0,0.22562759
0.0,0.028213149
1.0,0.42028052
1.0,0.112743005
1.0,0.33037388
0.0,0.13363978
0.0,0.09350988
1.0,0.3976924
0.0,0.09209564
0.0,0.10476326
0.0,0.123605825
0.0,0.23834805
0.0,0.103845194
0.0,0.30409503
0.0,0.076405786
0.0,0.24559984
0.0,0.18118005
0.0,0.24561337
1.0,0.23608083
1.0,0.35921177
0.0,0.106398344
0.0,0.2725792
0.0,0.11314121
0.0,0.518751
0.0,0.04457904
1.0,0.37737322
1.0,0.09095686
1.0,0.2640697
0.0,0.064355634
0.0,0.14261818
1.0,0.10329081
1.0,0.31244454
1.0,0.15791531
0.0,0.11553146
0.0,0.12317327
1.0,0.1479607
0.0,0.09009051
0.0,0.1843045
0.0,0.13730514
0.0,0.16083916
0.0,0.2157424
1.0,0.24001822
0.0,0.28945953
0.0,0.12329536
1.0,0.106123775
0.0,0.13504943
0.0,0.27692008
0.0,0.42327425
0.0,0.11257625
0.0,0.12733883
0.0,0.12516823
0.0,0.34915435
0.0,0.24664745
1.0,0.44015223
0.0,0.29795578
0.0,0.15812449
0.0,0.23561533
0.0,0.23551153
0.0,0.19095634
0.0,0.2689633
0.0,0.10955771
1.0,0.37424743
0.0,0.34159556
1.0,0.33947566
0.0,0.2871529
0.0,0.2203475
0.0,0.21228208
0.0,0.41083005
0.0,0.05286693
0.0,0.1353299
1.0,0.21793613
0.0,0.16547664
0.0,0.16858844
0.0,0.17451227
0.0,0.38855505
0.0,0.18763517
0.0,0.16512145
1.0,0.35823017
0.0,0.25907865
0.0,0.18486974
0.0,0.0808571
0.0,0.12216064
0.0,0.1890318
0.0,0.06174488
0.0,0.37035358
0.0,0.23790015
0.0,0.20104694
0.0,0.105035596
1.0,0.51936233
0.0,0.11179666
0.0,0.155579
0.0,0.1954466
0.0,0.10636674
0.0,0.25058296
1.0,0.35366186
0.0,0.18583535
0.0,0.1707316
0.0,0.2691443
0.0,0.06522893
1.0,0.49247706
0.0,0.1727532
1.0,0.4688501
1.0,0.28240544
1.0,0.45617804
0.0,0.09937244
0.0,0.12000727
0.0,0.1539931
0.0,0.21523063
0.0,0.28170672
1.0,0.44347322
0.0,0.18900888
0.0,0.16219197
1.0,0.35734028
0.0,0.28843468
0.0,0.12770347
0.0,0.14393885
0.0,0.37940484
0.0,0.27996913
1.0,0.39736497
0.0,0.42431143
1.0,0.28021178
0.0,0.1477196
0.0,0.06648463
0.0,0.14346002
0.0,0.09153461
0.0,0.16446027
0.0,0.29962423
0.0,0.20348652
0.0,0.27520007
0.0,0.40051392
0.0,0.14932641
1.0,0.34448868
0.0,0.42820567
0.0,0.1037469
0.0,0.029955743
0.0,0.5046124
0.0,0.24747942
1.0,0.38926974
0.0,0.17523839
1.0,0.33361268
1.0,0.30376273
1.0,0.1075852
0.0,0.42412537
0.0,0.1970277
0.0,0.090422295
1.0,0.37123692
0.0,0.060952835
0.0,0.17154387
0.0,0.20488948
0.0,0.15187342
0.0,0.071310095
1.0,0.37140453
0.0,0.03438527
0.0,0.33170605
1.0,0.4792384
0.0,0.27904418
1.0,0.25244978
0.0,0.18199226
0.0,0.122088626
0.0,0.16126947
0.0,0.25763148
0.0,0.18163039
1.0,0.1418437
0.0,0.39806852
0.0,0.14494067
0.0,0.11615969
0.0,0.21132748
0.0,0.13669759
1.0,0.182377
1.0,0.36973
0.0,0.18614288
0.0,0.19612496
0.0,0.33015698
0.0,0.120225385
1.0,0.2739518
1.0,0.3138924
0.0,0.06784868
0.0,0.17384958
0.0,0.36807117
0.0,0.21085393
1.0,0.38436747
0.0,0.10729359
0.0,0.12804668
1.0,0.392558
1.0,0.32916042
0.0,0.19797018
1.0,0.1931378
1.0,0.47605258
0.0,0.25923467
0.0,0.053326223
1.0,0.3699656
1.0,0.15212539
0.0,0.2835014
0.0,0.31396973
1.0,0.40181765
0.0,0.17148493
0.0,0.44233686
0.0,0.22483863
0.0,0.20874386
1.0,0.3338448
0.0,0.11151226
0.0,0.07987371
0.0,0.16420482
1.0,0.27417037
0.0,0.008490629
0.0,0.08610186
0.0,0.08708779
1.0,0.20380788
0.0,0.2420211
1.0,0.0784147
1.0,0.4161294
1.0,0.35006595
0.0,0.29741016
0.0,0.09492533
0.0,0.19957773
0.0,0.078744486
0.0,0.15527746
0.0,0.30054787
1.0,0.3105859
1.0,0.41735718
0.0,0.0824136
0.0,0.12872984
1.0,0.49429515
0.0,0.18475112
0.0,0.116598666
0.0,0.21052754
0.0,0.21798712
0.0,0.3125539
0.0,0.22349165
0.0,0.07752777
0.0,0.0705313
0.0,0.108897775
0.0,0.06186756
0.0,0.28750777
0.0,0.1241843
0.0,0.053587694
0.0,0.4298334
0.0,0.072294295
0.0,0.08838108
0.0,0.35727417
0.0,0.13407703
0.0,0.38054836
1.0,0.4541447
0.0,0.16516048
0.0,0.10401907
1.0,0.010784613
0.0,0.16470008
0.0,0.20069478
0.0,0.41022864
0.0,0.12648003
0.0,0.1297355
0.0,0.13668546
0.0,0.14934821
0.0,0.17781584
1.0,0.112802
0.0,0.23979756
1.0,0.43288088
0.0,0.12979713
0.0,0.21264668
0.0,0.15437274
1.0,0.25104618
0.0,0.13030735
0.0,0.4635171
0.0,0.057597533
0.0,0.11264512
0.0,0.16552964
0.0,0.02036295
0.0,0.3676827
0.0,0.19782321
0.0,0.1860959
0.0,0.18699756
0.0,0.19585548
0.0,0.080350935
1.0,0.34276703
0.0,0.1516692
0.0,0.15937857
0.0,0.09205838
0.0,0.13280514
0.0,0.07180461
0.0,0.061226796
0.0,0.1367969
0.0,0.28689086
0.0,0.13539441
0.0,0.2914845
0.0,0.21476857
1.0,0.29162595
1.0,0.3662351
0.0,0.14789185
0.0,0.18647164
0.0,0.13909847
0.0,0.17060153
1.0,0.29521576
0.0,0.28834513
0.0,0.08721111
0.0,0.36403114
0.0,0.2630764
1.0,0.5393802
0.0,0.11973739
0.0,0.15057497
0.0,0.06502471
1.0,0.37629998
0.0,0.1413137
0.0,0.058183115
0.0,0.11685893
0.0,0.4572195
1.0,0.37469888
0.0,0.08626284
0.0,0.15815899
0.0,0.08788173
0.0,0.17109393
0.0,0.25071406
0.0,0.24799663
0.0,0.17639855
0.0,0.1792261
0.0,0.19775893
0.0,0.17338036
0.0,0.17967518
0.0,0.112790346
0.0,0.22264977
0.0,0.17501052
0.0,0.15151131
0.0,0.17026915
1.0,0.30137274
0.0,0.067314684
0.0,0.3671897
0.0,0.33562496
1.0,0.34384286
0.0,0.14821608
1.0,0.26493275
1.0,0.2531674
0.0,0.13230492
0.0,0.18158667
0.0,0.22567886
0.0,0.07530442
0.0,0.2504801
1.0,0.37065855
0.0,0.08235538
0.0,0.06387526
0.0,0.104734816
0.0,0.07352795
0.0,0.29659003
1.0,0.38445768
0.0,0.17492725
1.0,0.38000414
0.0,0.3775341
1.0,0.19787447
0.0,0.04014124
0.0,0.14845333
0.0,0.27784705
0.0,0.20065849
1.0,0.2910968
1.0,0.18394354
0.0,0.15283035
0.0,0.2361863
0.0,0.5089798
1.0,0.34678334
0.0,0.13689232
1.0,0.2877712
1.0,0.31774086
0.0,0.19537179
1.0,0.4323842
1.0,0.46438605
1.0,0.21953605
1.0,0.28416547
0.0,0.17593548
0.0,0.03392841
0.0,0.09898233
0.0,0.09997768
1.0,0.22884315
0.0,0.08989042
0.0,0.11665769
0.0,0.2711914
0.0,0.105768405
1.0,0.43709975
0.0,0.04054889
1.0,0.43885547
0.0,0.1996135
0.0,0.28221327
0.0,0.17429633
1.0,0.3087941
1.0,0.41983
0.0,0.07297667
1.0,0.4640803
0.0,0.3208542
0.0,0.24003245
0.0,0.20084672
0.0,0.154651
0.0,0.21676429
0.0,0.18075266
0.0,0.20090441
0.0,0.20095786
0.0,0.102957204
0.0,0.2594703
0.0,0.028808367
1.0,0.31112355
1.0,0.22948639
0.0,0.2531208
0.0,0.37952372
0.0,0.19802797
1.0,0.2811631
0.0,0.05654403
0.0,0.25154275
0.0,0.13967276
0.0,0.066009134
0.0,0.20481928
0.0,0.14645126
0.0,0.11921988
0.0,0.3281574
1.0,0.1901902
0.0,0.15272923
0.0,0.1385994
1.0,0.49386993
0.0,0.22641909
0.0,0.19966869
1.0,0.35465693
0.0,0.11752675
1.0,0.3419153
0.0,0.27497166
0.0,0.14819202
0.0,0.13775842
0.0,0.20467524
0.0,0.3235339
1.0,0.33406758
0.0,0.19184616
0.0,0.20444463
0.0,0.14801753
1.0,0.42858568
0.0,0.06515876
0.0,0.32653704
0.0,0.17620862
1.0,0.17131822
0.0,0.3425715
0.0,0.2165313
0.0,0.09458895
1.0,0.40414262
0.0,0.076481156
0.0,0.35553393
0.0,0.18142007
0.0,0.3147891
0.0,0.08147529
0.0,0.1860658
1.0,0.19971229
1.0,0.45416573
1.0,0.146255
0.0,0.4339181
0.0,0.08777515
1.0,0.40502492
0.0,0.16603799
0.0,0.10022039
0.0,0.3434939
0.0,0.07780214
0.0,0.16395986
1.0,0.2143834
0.0,0.19249184
0.0,0.12272128
0.0,0.10396618
0.0,0.18035968
0.0,0.38557413
1.0,0.30982792
0.0,0.26374948
1.0,0.29658931
0.0,0.22253525
0.0,0.3444376
0.0,0.11496835
0.0,0.22043148
1.0,0.2525125
0.0,0.08336612
0.0,0.09690631
0.0,0.12271084
0.0,0.20256537
0.0,0.06676561
1.0,0.16636385
0.0,0.035585955
0.0,0.17610523
0.0,0.23499568
0.0,0.16522257
0.0,0.20342986
0.0,0.27832955
1.0,0.3924401
0.0,0.3203662
0.0,0.24496563
1.0,0.4720528
0.0,0.1270404
0.0,0.20717235
0.0,0.1781124
0.0,0.42861354
0.0,0.08781536
0.0,0.12970367
0.0,0.10674003
0.0,0.112796865
1.0,0.28700203
0.0,0.09295509
0.0,0.06286975
0.0,0.12516455
1.0,0.40353274
0.0,0.26900184
0.0,0.096700735
1.0,0.31289613
0.0,0.28881574
0.0,0.2134657
0.0,0.27014366
1.0,0.14644133
0.0,0.15557009
1.0,0.16955085
0.0,0.17223701
0.0,0.09301711
1.0,0.4035729
0.0,0.113040745
0.0,0.14743432
0.0,0.09225263
0.0,0.27110788
0.0,0.41338086
0.0,0.11635876
0.0,0.102633424
0.0,0.34071037
0.0,0.20216306
0.0,0.11728676
1.0,0.20097724
0.0,0.3342784
0.0,0.12075686
0.0,0.20406549
0.0,0.14190446
0.0,0.13881673
0.0,0.19073959
0.0,0.06426403
0.0,0.09165775
0.0,0.37481597
1.0,0.24680364
1.0,0.19210823
0.0,0.08874787
0.0,0.11146052
0.0,0.19750975
0.0,0.16685353
0.0,0.30253628
1.0,0.3768594
0.0,0.18563774
0.0,0.22280698
0.0,0.24280219
0.0,0.39181444
1.0,0.34310678
0.0,0.13413276
1.0,0.22564012
0.0,0.06212855
0.0,0.17321424
0.0,0.2343802
0.0,0.29178375
1.0,0.30947316
1.0,0.20809297
0.0,0.26287326
1.0,0.5042818
0.0,0.3333294
0.0,0.13455243
0.0,0.18912871
1.0,0.26377788
0.0,0.20508447
0.0,0.18892606
0.0,0.15017302
0.0,0.4139091
1.0,0.39352807
1.0,0.34806797
0.0,0.28062987
0.0,0.35134178
0.0,0.118948676
1.0,0.14467876
0.0,0.17171365
0.0,0.0869058
0.0,0.20115833
0.0,0.4034042
0.0,0.09630398
0.0,0.12854856
0.0,0.17113024
0.0,0.22005612
0.0,0.43801746
1.0,0.4046754
1.0,0.4924534
1.0,0.5057544
0.0,0.035538882
0.0,0.1441518
0.0,0.16404678
0.0,0.13540901
0.0,0.19512716
0.0,0.17475842
0.0,0.32507
0.0,0.18257263
0.0,0.0708132
0.0,0.10689248
0.0,0.06719957
1.0,0.3955992
0.0,0.39486796
0.0,0.2820307
0.0,0.23606712
0.0,0.1913852
0.0,0.18308643
1.0,0.23256056
1.0,0.48402354
0.0,0.040482484
1.0,0.1301347
0.0,0.08589068
0.0,0.14598782
0.0,0.038014483
0.0,0.09662215
0.0,0.31806004
0.0,0.21541952
0.0,0.09981251
0.0,0.12779652
0.0,0.21074875
0.0,0.055674654
0.0,0.17373183
0.0,0.29701668
0.0,0.22230434
0.0,0.13510936
1.0,0.24659391
0.0,0.14911966
0.0,0.15032674
0.0,0.028344724
0.0,0.16415767
0.0,0.17627749
0.0,0.054055877
0.0,0.15574746
0.0,0.075278796
1.0,0.19268154
0.0,0.11884685
0.0,0.07385309
0.0,0.20694515
0.0,0.14841144
1.0,0.40255743
0.0,0.1331109
0.0,0.036492895
0.0,0.10571935
1.0,0.31914172
0.0,0.2628762
0.0,0.2116864
0.0,0.08307039
1.0,0.27340177
0.0,0.21393397
0.0,0.11373756
0.0,0.072760895
0.0,0.34030288
0.0,0.12500155
0.0,0.2767061
0.0,0.13824193
0.0,0.080504626
0.0,0.117078595
0.0,0.24683148
0.0,0.074825354
0.0,0.28483123
1.0,0.22496122
0.0,0.10296938
1.0,0.36714208
1.0,0.36112455
0.0,0.11355427
1.0,0.17480625
1.0,0.29255936
0.0,0.18155874
0.0,0.14257269
0.0,0.1089841
0.0,0.1684362
0.0,0.32836732
0.0,0.28168643
0.0,0.20054999
1.0,0.36555365
0.0,0.07598432
0.0,0.27894577
0.0,0.31875354
0.0,0.18331926
0.0,0.08595421
0.0,0.22987261
0.0,0.33232892
1.0,0.21766436
0.0,0.26240635
1.0,0.30443752
0.0,0.41957107
0.0,0.052238233
0.0,0.21138029
0.0,0.102089606
0.0,0.06358066
0.0,0.1276242
0.0,0.13475466
0.0,0.19839801
0.0,0.21796723
0.0,0.15431857
0.0,0.10379858
0.0,0.21696828
1.0,0.1670939
0.0,0.10537119
1.0,0.34791696
0.0,0.16164827
0.0,0.24511385
0.0,0.09314837
0.0,0.20365088
0.0,0.22625844
0.0,0.25617716
1.0,0.20523393
0.0,0.06873531
0.0,0.047439415
0.0,0.25475028
0.0,0.17063028
0.0,0.2743171
0.0,0.14327347
1.0,0.25185868
0.0,0.1348367
0.0,0.16339417
0.0,0.12768318
0.0,0.16258436
0.0,0.16964641
0.0,0.2001171
0.0,0.09057901
0.0,0.12313219
1.0,0.07538835
0.0,0.07989263
0.0,0.25406483
0.0,0.15204707
0.0,0.19024613
0.0,0.10669634
1.0,0.32654825
0.0,0.08310023
1.0,0.3535122
0.0,0.22840513
1.0,0.34319827
0.0,0.27105337
1.0,0.26258302
1.0,0.48683324
1.0,0.46750766
0.0,0.056285474
0.0,0.1360303
1.0,0.36428502
1.0,0.40431634
0.0,0.09607153
0.0,0.09926334
0.0,0.32199433
0.0,0.041401476
0.0,0.40797266
0.0,0.25361523
0.0,0.2276904
1.0,0.49502498
0.0,0.3920993
1.0,0.40305793
1.0,0.45826325
0.0,0.09375096
0.0,0.09669706
1.0,0.30716088
0.0,0.09796986
0.0,0.057692446
0.0,0.14514427
0.0,0.073985554
0.0,0.07208036
0.0,0.13639453
0.0,0.20032819
0.0,0.22416921
0.0,0.08472962
0.0,0.3814103
0.0,0.21759768
0.0,0.19128393
0.0,0.43241403
0.0,0.07433825
0.0,0.123503506
0.0,0.27561092
0.0,0.13600707
0.0,0.026682043
0.0,0.12552606
0.0,0.17268947
0.0,0.13713577
0.0,0.25766116
1.0,0.48654455
0.0,0.21864589
0.0,0.32590693
0.0,0.2420447
0.0,0.21616048
0.0,0.103574835
0.0,0.4426977
0.0,0.36968708
0.0,0.059837803
0.0,0.32925156
0.0,0.26155257
0.0,0.07430671
0.0,0.21185242
0.0,0.35264388
1.0,0.4376462
0.0,0.35211098
0.0,0.21345077
0.0,0.12859376
0.0,0.06302461
0.0,0.43059787
1.0,0.13706513
1.0,0.40626305
1.0,0.5246184
1.0,0.28515157
1.0,0.46303147
1.0,0.34652513
0.0,0.26364988
0.0,0.1983001
1.0,0.4445241
0.0,0.14880013
0.0,0.3269425
0.0,0.14795817
0.0,0.10173278
0.0,0.10742552
1.0,0.5359514
1.0,0.123724
1.0,0.44956616
0.0,0.27699092
0.0,0.143473
0.0,0.21030983
1.0,0.29811132
0.0,0.21602437
0.0,0.31545
0.0,0.090436965
0.0,0.10961517
0.0,0.119247414
0.0,0.1654075
0.0,0.150445
0.0,0.06788248
0.0,0.19099988
0.0,0.3822153
0.0,0.12634675
0.0,0.1964105
0.0,0.19508779
0.0,0.14169712
0.0,0.07896588
1.0,0.28094763
1.0,0.34055153
1.0,0.3801007
0.0,0.10499904
0.0,0.1314546
1.0,0.39390337
0.0,0.3084906
0.0,0.16434798
0.0,0.16134061
1.0,0.26292962
0.0,0.15367149
1.0,0.37140113
0.0,0.1935562
0.0,0.15022856
0.0,0.16506395
0.0,0.08041653
1.0,0.33357278
1.0,0.35144302
0.0,0.081694745
0.0,0.32199696
0.0,0.30812332
1.0,0.26465473
0.0,0.1309155
0.0,0.22216746
0.0,0.118693486
0.0,0.27238834
0.0,0.17325945
0.0,0.24664944
0.0,0.14032288
1.0,0.39953268
1.0,0.40951467
0.0,0.08999929
1.0,0.16765073
0.0,0.30624783
0.0,0.21153499
1.0,0.21134634
0.0,0.09004434
0.0,0.17317039
0.0,0.29134357
0.0,0.18087536
0.0,0.07606367
0.0,0.08111028
0.0,0.14276263
0.0,0.4343498
1.0,0.29958192
1.0,0.15157169
0.0,0.1008179
0.0,0.12615158
1.0,0.5115923
0.0,0.028414745
0.0,0.06812472
1.0,0.38159946
0.0,0.16436954
1.0,0.14767808
0.0,0.11284103
0.0,0.38428232
1.0,0.23184524
0.0,0.090949416
0.0,0.279853
0.0,0.064882234
1.0,0.28646326
1.0,0.08415318
1.0,0.21513517
1.0,0.122583896
0.0,0.045585085
0.0,0.30446848
0.0,0.24179576
0.0,0.2852711
0.0,0.19849578
0.0,0.09624959
0.0,0.25518084
0.0,0.056957953
1.0,0.22211574
0.0,0.040506553
0.0,0.21094918
1.0,0.11726184
0.0,0.165472
0.0,0.2564276
0.0,0.089378566
0.0,0.14119495
0.0,0.20081753
1.0,0.3847065
0.0,0.08652311
1.0,0.29382542
0.0,0.24852563
0.0,0.093453996
0.0,0.12663472
0.0,0.08333972
0.0,0.24268143
1.0,0.29773048
0.0,0.5165784
0.0,0.037721016
0.0,0.07532216
0.0,0.113433614
1.0,0.3903394
0.0,0.24784607
1.0,0.12910095
0.0,0.1476849
1.0,0.17121263
0.0,0.1253588
0.0,0.2470524
0.0,0.23212907
0.0,0.20175558
0.0,0.28156587
1.0,0.21881081
0.0,0.1464011
0.0,0.1977796
1.0,0.45197338
1.0,0.18027706
0.0,0.16342498
0.0,0.10193406
0.0,0.20070699
1.0,0.2807061
0.0,0.15713242
0.0,0.2441378
1.0,0.32646358
0.0,0.20876881
0.0,0.07292143
0.0,0.23031756
1.0,0.4611904
0.0,0.4289651
0.0,0.19204608
0.0,0.2731335
0.0,0.21870452
0.0,0.1538323
1.0,0.2481371
1.0,0.31229338
0.0,0.13949677
0.0,0.15530969
1.0,0.13217714
0.0,0.22246988
1.0,0.45601305
0.0,0.24090248
1.0,0.18110014
0.0,0.054829784
0.0,0.17305715
0.0,0.087473094
0.0,0.06597315
0.0,0.25691605
0.0,0.3731402
0.0,0.19094986
0.0,0.3376317
0.0,0.21227217
0.0,0.24988052
1.0,0.26154587
1.0,0.219913
0.0,0.15307297
0.0,0.16105308
0.0,0.08453092
0.0,0.07697928
0.0,0.17919852
0.0,0.1530532
0.0,0.07514503
0.0,0.4213919
0.0,0.20019193
0.0,0.3676663
0.0,0.06473002
0.0,0.1491669
0.0,0.17669289
0.0,0.09396935
0.0,0.21910957
0.0,0.36023197
0.0,0.09306664
0.0,0.4017949
0.0,0.17221569
0.0,0.08725432
1.0,0.3146192
0.0,0.1197946
0.0,0.13466735
0.0,0.098759085
0.0,0.06720164
1.0,0.1712784
0.0,0.22493833
0.0,0.11389701
0.0,0.07297503
1.0,0.28023267
1.0,0.16869612
0.0,0.10144151
0.0,0.09401955
0.0,0.2432251
0.0,0.20802327
1.0,0.15647464
1.0,0.35462293
0.0,0.15713751
0.0,0.09318399
0.0,0.1486185
0.0,0.27866694
1.0,0.3012107
1.0,0.28419226
0.0,0.057097666
1.0,0.39299622
1.0,0.29718727
1.0,0.25053555
0.0,0.14511244
0.0,0.26701662
0.0,0.07545836
0.0,0.16895878
0.0,0.097751334
1.0,0.16429786
1.0,0.31748262
0.0,0.10422737
0.0,0.1485068
1.0,0.25835732
0.0,0.08993705
0.0,0.14398257
0.0,0.12202963
0.0,0.09843379
1.0,0.5173633
0.0,0.22008508
1.0,0.38825992
1.0,0.35124967
0.0,0.07923354
0.0,0.30095947
0.0,0.30856502
0.0,0.15408245
0.0,0.06265916
0.0,0.1893258
0.0,0.05141483
0.0,0.1248339
1.0,0.54046386
1.0,0.28032237
0.0,0.19547729
0.0,0.14414921
0.0,0.36363244
1.0,0.1296266
0.0,0.121070966
0.0,0.32618752
0.0,0.08682881
0.0,0.29959247
0.0,0.031142125
0.0,0.3854896
0.0,0.17086999
0.0,0.15805644
0.0,0.2556493
0.0,0.21344791
0.0,0.07857889
0.0,0.10191345
0.0,0.07112585
1.0,0.4382706
0.0,0.07365479
1.0,0.436195
0.0,0.120916046
1.0,0.3976672
0.0,0.39476782
0.0,0.15376323
1.0,0.38183424
1.0,0.24799326
0.0,0.10742215
0.0,0.114702865
1.0,0.39293104
0.0,0.13009597
1.0,0.43970338
0.0,0.12466121
0.0,0.21885447
0.0,0.22662795
0.0,0.15334927
0.0,0.16050802
1.0,0.5282143
0.0,0.13710618
0.0,0.06727303
0.0,0.18603583
0.0,0.31098923
0.0,0.16144596
1.0,0.48237953
0.0,0.23019946
1.0,0.36256355
0.0,0.21286167
0.0,0.10506198
1.0,0.55461514
0.0,0.11944046
0.0,0.08882386
0.0,0.05947127
0.0,0.14759895
0.0,0.054917634
1.0,0.1284082
0.0,0.123810396
0.0,0.24010544
0.0,0.24877605
0.0,0.20674144
0.0,0.048448462
0.0,0.11491604
0.0,0.07906336
0.0,0.13571209
0.0,0.12888996
0.0,0.09984349
0.0,0.27241415
1.0,0.4269409
0.0,0.18712321
1.0,0.44158602
1.0,0.43655297
0.0,0.13923803
0.0,0.3869529
0.0,0.23249146
0.0,0.18906838
0.0,0.17252779
0.0,0.1545018
0.0,0.09170702
0.0,0.3936422
0.0,0.08896759
0.0,0.111059934
0.0,0.23883347
0.0,0.2139037
0.0,0.121595785
0.0,0.14978608
0.0,0.1571656
0.0,0.15824272
1.0,0.34736267
0.0,0.089438275
0.0,0.25593174
1.0,0.23462304
1.0,0.46441954
1.0,0.19779895
0.0,0.18819806
0.0,0.19472139
1.0,0.26639685
0.0,0.13785765
0.0,0.056548018
0.0,0.18770635
0.0,0.24172743
0.0,0.10481966
0.0,0.1917198
1.0,0.22947657
0.0,0.16500555
0.0,0.06302081
0.0,0.2545922
0.0,0.21092159
0.0,0.18873404
0.0,0.112896875
0.0,0.120252274
0.0,0.13878988
0.0,0.05814449
0.0,0.32838365
0.0,0.2765618
0.0,0.40131608
0.0,0.28047374
1.0,0.30806184
0.0,0.064018376
0.0,0.07491246
1.0,0.364641
1.0,0.25036165
0.0,0.12131561
0.0,0.10582249
0.0,0.30588868
0.0,0.1820854
1.0,0.19159634
0.0,0.078466095
0.0,0.07356687
1.0,0.2527701
0.0,0.07540549
0.0,0.144796
0.0,0.12592557
0.0,0.08842013
1.0,0.32970703
0.0,0.1874119
0.0,0.08183197
0.0,0.17464536
0.0,0.13408323
0.0,0.1428662
0.0,0.18341516
1.0,0.51973873
0.0,0.081917726
0.0,0.19625375
0.0,0.075030714
0.0,0.2765417
0.0,0.07471783
0.0,0.17037876
0.0,0.076908395
0.0,0.24477915
0.0,0.06964652
0.0,0.27631596
0.0,0.1362181
0.0,0.063820995
0.0,0.08818786
0.0,0.075475864
0.0,0.07422996
0.0,0.39770406
0.0,0.1904867
0.0,0.20601843
0.0,0.10423719
0.0,0.30720133
0.0,0.22298642
0.0,0.1918377
0.0,0.26767465
0.0,0.058951434
0.0,0.09692614
1.0,0.54998446
1.0,0.3076098
0.0,0.08842832
0.0,0.050198082
0.0,0.32076475
0.0,0.2878508
0.0,0.20496541
0.0,0.061877843
0.0,0.088203594
0.0,0.30093393
0.0,0.10197634
0.0,0.042562585
0.0,0.089719124
0.0,0.2855404
1.0,0.29802263
0.0,0.15038529
1.0,0.4672685
0.0,0.077066585
0.0,0.25424513
0.0,0.13856983
1.0,0.27532336
1.0,0.31577492
0.0,0.05026972
0.0,0.22887531
0.0,0.20854655
0.0,0.0977297
0.0,0.4138993
0.0,0.09541441
1.0,0.1047795
1.0,0.12954003
0.0,0.08991984
0.0,0.11125443
1.0,0.3657408
1.0,0.27556258
0.0,0.26289812
0.0,0.13305251
0.0,0.08499124
0.0,0.27410015
1.0,0.09943531
0.0,0.26292905
0.0,0.22223619
0.0,0.13273479
0.0,0.20114209
0.0,0.14917184
1.0,0.47748178
1.0,0.21128386
0.0,0.09961316
0.0,0.09737698
0.0,0.33320034
0.0,0.07370205
1.0,0.23812939
0.0,0.09204045
1.0,0.227334
0.0,0.113589026
0.0,0.32501054
0.0,0.20609815
1.0,0.440855
1.0,0.4096038
0.0,0.17737453
0.0,0.118881635
1.0,0.30924192
0.0,0.18331869
0.0,0.24698777
0.0,0.16750294
0.0,0.10334202
0.0,0.12101253
1.0,0.12954003
0.0,0.20156497
0.0,0.4038737
0.0,0.3075525
0.0,0.09867858
0.0,0.20363463
0.0,0.07809202
0.0,0.2462708
0.0,0.2163116
1.0,0.4930718
0.0,0.17754215
0.0,0.23078108
0.0,0.24407631
0.0,0.1899228
1.0,0.2819792
0.0,0.25778744
0.0,0.10223046
0.0,0.1924484
0.0,0.087845005
0.0,0.19634508
0.0,0.12359082
0.0,0.1505768
0.0,0.17710035
0.0,0.11983083
0.0,0.15038426
0.0,0.07735998
0.0,0.09333467
0.0,0.24515575
1.0,0.19967572
0.0,0.09466019
0.0,0.2317799
0.0,0.058711816
1.0,0.21097752
0.0,0.059006013
0.0,0.05338086
0.0,0.20441389
0.0,0.16338928
0.0,0.25602934
0.0,0.27049652
0.0,0.05593899
0.0,0.09788885
1.0,0.3958728
0.0,0.14457925
1.0,0.26439416
0.0,0.38840082
0.0,0.34323964
0.0,0.1603883
0.0,0.15530378
0.0,0.36035758
0.0,0.07987681
0.0,0.05500944
0.0,0.22871798
0.0,0.20147584
0.0,0.3363815
0.0,0.15112305
0.0,0.162244
1.0,0.30061135
0.0,0.068731874
0.0,0.2585143
0.0,0.14073567
1.0,0.40689588
0.0,0.25849706
1.0,0.4051872
0.0,0.22422062
1.0,0.3037829
0.0,0.05833756
0.0,0.04864045
1.0,0.3822419
0.0,0.10850863
0.0,0.14062646
0.0,0.068455726
0.0,0.082422115
1.0,0.16063894
0.0,0.41861302
0.0,0.12765303
1.0,0.082276896
0.0,0.27310765
0.0,0.17241096
1.0,0.31456017
0.0,0.17006211
0.0,0.16710854
0.0,0.12775284
0.0,0.042066094
0.0,0.16393422
0.0,0.20080635
0.0,0.07903933
0.0,0.15289441
0.0,0.20692237
0.0,0.08848762
0.0,0.36069974
1.0,0.35487062
0.0,0.14700913
1.0,0.29253593
1.0,0.23659024
0.0,0.12418611
0.0,0.25171193
0.0,0.13421826
1.0,0.22117615
0.0,0.0857458
0.0,0.23054509
0.0,0.19292113
0.0,0.25533202
0.0,0.09926331
0.0,0.1535772
0.0,0.15995972
0.0,0.11001893
1.0,0.22393876
0.0,0.10724341
0.0,0.08542778
0.0,0.20926778
0.0,0.34096977
1.0,0.3708218
0.0,0.21946822
0.0,0.21140389
0.0,0.26307356
0.0,0.2468669
0.0,0.2464242
0.0,0.24332158
0.0,0.10729994
0.0,0.16639438
1.0,0.24155428
0.0,0.07048301
0.0,0.20700182
0.0,0.24855895
0.0,0.16819721
1.0,0.097261205
0.0,0.20156582
0.0,0.088975996
1.0,0.47514114
0.0,0.18502967
0.0,0.17839217
1.0,0.56641597
1.0,0.2993253
0.0,0.09942651
0.0,0.24628587
0.0,0.26959923
0.0,0.15800959
0.0,0.23045227
1.0,0.24121739
0.0,0.07881016
1.0,0.29209715
0.0,0.3584018
0.0,0.050912794
1.0,0.16555066
0.0,0.042769093
0.0,0.11344327
0.0,0.4599976
0.0,0.13933583
0.0,0.08214414
1.0,0.1614977
0.0,0.15413597
1.0,0.45541295
0.0,0.14463843
0.0,0.09860921
0.0,0.10452559
1.0,0.14529236
1.0,0.23885985
1.0,0.119676605
1.0,0.33928674
0.0,0.21462579
0.0,0.08310023
0.0,0.1481484
1.0,0.2942884
0.0,0.092567846
0.0,0.09797154
1.0,0.54176587
1.0,0.24666311
1.0,0.09644076
0.0,0.15696394
0.0,0.26650652
0.0,0.18723866
0.0,0.111577764
1.0,0.37832582
1.0,0.47631687
1.0,0.52711105
0.0,0.20892873
1.0,0.49771014
0.0,0.20985639
0.0,0.08194999
1.0,0.42208973
0.0,0.14837202
0.0,0.061204366
0.0,0.35103196
1.0,0.21385321
1.0,0.2716586
0.0,0.20865847
1.0,0.15609314
0.0,0.29571703
0.0,0.18110529
0.0,0.092281505
0.0,0.12550347
0.0,0.17133611
0.0,0.32902506
0.0,0.19398166
0.0,0.10941222
0.0,0.28706765
0.0,0.1345856
0.0,0.07356274
0.0,0.2303912
0.0,0.26450932
0.0,0.1733981
0.0,0.3485294
0.0,0.13856156
1.0,0.095646046
0.0,0.06766411
1.0,0.22148234
0.0,0.188574
0.0,0.026517294
1.0,0.3114739
0.0,0.07456389
0.0,0.16407946
1.0,0.398209
0.0,0.26331258
0.0,0.15042466
0.0,0.09345626
0.0,0.2939567
1.0,0.4134307
0.0,0.082172446
1.0,0.3229203
1.0,0.25158203
0.0,0.18785983
1.0,0.12961434
0.0,0.1283259
1.0,0.15022317
0.0,0.1714159
0.0,0.2266801
0.0,0.20493773
0.0,0.15299647
0.0,0.06681792
0.0,0.1587831
1.0,0.4351716
0.0,0.13302581
0.0,0.2436166
0.0,0.28562027
0.0,0.12154132
1.0,0.5398051
0.0,0.18004878
0.0,0.27556607
0.0,0.113801315
0.0,0.17368378
0.0,0.032638073
1.0,0.28277144
0.0,0.11233892
0.0,0.18582693
0.0,0.09065972
0.0,0.17121758
0.0,0.24921362
0.0,0.3227782
0.0,0.08488202
0.0,0.21069023
0.0,0.09381379
0.0,0.17996074
1.0,0.2733614
0.0,0.08225231
1.0,0.28840414
0.0,0.1242656
0.0,0.3339565
1.0,0.2665512
1.0,0.42293423
0.0,0.17686038
1.0,0.3250939
0.0,0.10921026
0.0,0.17172879
0.0,0.14171138
0.0,0.101576366
0.0,0.041936345
1.0,0.37399182
0.0,0.2210013
0.0,0.19398673
0.0,0.090765156
1.0,0.41290447
0.0,0.07508249
0.0,0.16917539
0.0,0.22811733
0.0,0.08144997
0.0,0.1427411
0.0,0.21683049
0.0,0.19859563
0.0,0.13680178
0.0,0.24668099
0.0,0.10714516
0.0,0.05897126
0.0,0.31936818
1.0,0.13339333
0.0,0.14817502
1.0,0.33474416
0.0,0.100504026
0.0,0.18944891
1.0,0.31703016
0.0,0.12749758
0.0,0.46889287
0.0,0.111013286
0.0,0.13261127
0.0,0.41343588
0.0,0.15101653
0.0,0.14045462
0.0,0.0902827
0.0,0.060515143
0.0,0.39160764
0.0,0.2828664
0.0,0.16136481
1.0,0.2149326
0.0,0.12788646
0.0,0.26266998
0.0,0.3525981
0.0,0.15109663
1.0,0.21602632
0.0,0.17186476
1.0,0.25807574
0.0,0.14096683
0.0,0.22492431
0.0,0.21741295
0.0,0.28787094
0.0,0.080849975
0.0,0.21901652
0.0,0.11784755
0.0,0.35801795
1.0,0.066283554
1.0,0.19115499
1.0,0.41426203
0.0,0.109124646
1.0,0.52721906
0.0,0.1140164
0.0,0.1453168
0.0,0.13713962
0.0,0.37583026
0.0,0.1451917
0.0,0.11324115
0.0,0.15909933
0.0,0.28776178
0.0,0.106163345
1.0,0.31752476
0.0,0.22048737
0.0,0.099271156
0.0,0.19094896
1.0,0.46160737
0.0,0.07498995
0.0,0.22695224
0.0,0.08863089
0.0,0.16225788
0.0,0.085433304
1.0,0.33866173
0.0,0.13097191
0.0,0.2103912
1.0,0.23529573
1.0,0.3563924
0.0,0.17394298
0.0,0.07780229
0.0,0.19170146
0.0,0.12299161
0.0,0.22130045
0.0,0.08320733
0.0,0.10189936
0.0,0.24057195
0.0,0.117987365
0.0,0.23320812
0.0,0.26127887
0.0,0.14088304
0.0,0.16522594
0.0,0.29209226
0.0,0.12879975
0.0,0.10263131
0.0,0.1559627
0.0,0.12327265
0.0,0.104300365
0.0,0.10270089
0.0,0.16267313
0.0,0.13116522
0.0,0.1474781
0.0,0.21412708
0.0,0.28924575
0.0,0.120604716
0.0,0.12933068
1.0,0.268506
0.0,0.021405801
1.0,0.2849227
0.0,0.29253972
0.0,0.10523961
1.0,0.09976538
0.0,0.10501079
0.0,0.07209254
1.0,0.29581058
1.0,0.49734
0.0,0.12242935
1.0,0.24116494
0.0,0.13224138
0.0,0.2522175
0.0,0.12982439
0.0,0.18244877
0.0,0.24006833
0.0,0.08385649
0.0,0.07356872
0.0,0.16854745
0.0,0.07758054
0.0,0.22299552
0.0,0.10645636
0.0,0.2465381
1.0,0.28516248
1.0,0.23780866
1.0,0.13658723
0.0,0.10135642
0.0,0.2673581
0.0,0.07444066
0.0,0.106407866
0.0,0.39725533
1.0,0.39661735
0.0,0.14650656
0.0,0.09199791
0.0,0.099369995
0.0,0.13446945
0.0,0.17468174
0.0,0.09543054
0.0,0.04155866
0.0,0.1502744
0.0,0.2288861
0.0,0.3015256
0.0,0.29797587
1.0,0.15779935
0.0,0.14546102
0.0,0.11164944
0.0,0.1497017
1.0,0.40927547
1.0,0.2994123
0.0,0.18272191
0.0,0.19309281
0.0,0.10451447
1.0,0.28942114
0.0,0.45087802
0.0,0.294347
0.0,0.12415781
0.0,0.1410594
1.0,0.3619001
0.0,0.5320596
0.0,0.12297771
0.0,0.17181315
1.0,0.43855253
1.0,0.30126864
0.0,0.29732051
0.0,0.46199706
1.0,0.31471857
0.0,0.23029602
0.0,0.04837459
0.0,0.16236427
0.0,0.2215698
0.0,0.045921333
0.0,0.17348011
0.0,0.09280972
0.0,0.09012116
0.0,0.23044573
0.0,0.073595084
0.0,0.028906558
1.0,0.21906191
0.0,0.10911201
1.0,0.4182222
0.0,0.14184432
0.0,0.21908723
0.0,0.433462
1.0,0.21430707
0.0,0.31011137
1.0,0.42020947
0.0,0.22345866
1.0,0.12654491
1.0,0.33459774
1.0,0.14156593
0.0,0.108026035
0.0,0.09607014
0.0,0.43379554
0.0,0.28152406
0.0,0.15624775
0.0,0.21358503
0.0,0.1365277
1.0,0.21559499
0.0,0.3213211
0.0,0.22509176
0.0,0.1408344
0.0,0.2393298
0.0,0.13670443
0.0,0.12275245
0.0,0.09494446
0.0,0.13241386
0.0,0.032177575
0.0,0.11726771
0.0,0.23447417
0.0,0.47494113
0.0,0.07326962
0.0,0.27930138
0.0,0.19079465
1.0,0.5482481
1.0,0.43731794
1.0,0.50189304
0.0,0.1830508
0.0,0.06340143
0.0,0.2596664
0.0,0.19935565
0.0,0.32771844
0.0,0.08052069
0.0,0.17387341
1.0,0.52351916
0.0,0.15654853
0.0,0.27449834
0.0,0.15424788
0.0,0.0876945
0.0,0.05175754
0.0,0.22055198
0.0,0.05094867
0.0,0.18674617
0.0,0.07908152
0.0,0.17853247
0.0,0.07091553
0.0,0.11066358
0.0,0.22395603
1.0,0.37596288
0.0,0.21567175
0.0,0.19462296
0.0,0.24357721
0.0,0.088000946
0.0,0.25865895
0.0,0.10722127
1.0,0.3447786
0.0,0.12638521
0.0,0.11365667
0.0,0.4521216
0.0,0.17495444
0.0,0.12445371
0.0,0.11657882
1.0,0.23249698
0.0,0.30357128
0.0,0.19187374
0.0,0.2167444
0.0,0.21396731
0.0,0.16499804
1.0,0.35925314
0.0,0.43765128
0.0,0.1321645
1.0,0.33733445
0.0,0.19348054
1.0,0.13503297
0.0,0.047080968
1.0,0.10599272
0.0,0.15315115
0.0,0.1155773
0.0,0.026737157
0.0,0.1812101
0.0,0.16691007
0.0,0.09428619
0.0,0.14568514
0.0,0.10876407
0.0,0.22774114
0.0,0.25253633
0.0,0.0014351555
0.0,0.13470781
0.0,0.107939646
0.0,0.19888943
0.0,0.1536702
0.0,0.056300573
1.0,0.18169194
1.0,0.34518066
0.0,0.10086095
0.0,0.13241121
1.0,0.26554716
1.0,0.11658104
0.0,0.17195152
0.0,0.19620733
0.0,0.07759045
0.0,0.09889146
0.0,0.19439
0.0,0.08821888
1.0,0.28197792
1.0,0.5005034
0.0,0.24461478
0.0,0.051861722
0.0,0.18220292
0.0,0.29139426
0.0,0.26611453
0.0,0.08019195
1.0,0.4185994
0.0,0.037504084
0.0,0.31462324
0.0,0.22531754
0.0,0.06804031
1.0,0.34131405
0.0,0.08059538
0.0,0.04719533
0.0,0.40577203
0.0,0.29410362
1.0,0.4474365
0.0,0.16705833
0.0,0.14253595
0.0,0.10724151
0.0,0.0068518817
1.0,0.34095034
1.0,0.17637317
1.0,0.25113997
0.0,0.15553229
1.0,0.43194
0.0,0.27543667
0.0,0.38224334
0.0,0.075300895
0.0,0.07727589
0.0,0.09172299
0.0,0.12512256
0.0,0.15826206
0.0,0.040557668
0.0,0.35196263
0.0,0.17217742
0.0,0.079809934
0.0,0.2646206
1.0,0.47760737
0.0,0.13992237
0.0,0.10923392
0.0,0.1603446
1.0,0.20097183
0.0,0.18949516
0.0,0.06969354
0.0,0.16833778
0.0,0.14236517
1.0,0.12881064
0.0,0.3361565
0.0,0.06962533
0.0,0.12224636
0.0,0.13148068
0.0,0.2286777
0.0,0.17445348
0.0,0.20914015
0.0,0.11016433
1.0,0.5052241
0.0,0.09371714
0.0,0.15635037
0.0,0.287277
0.0,0.15091279
0.0,0.17897828
0.0,0.07207473
0.0,0.12156901
0.0,0.04055201
1.0,0.15967563
0.0,0.06964445
0.0,0.107231565
0.0,0.23965211
0.0,0.32993814
0.0,0.2409396
1.0,0.48630688
0.0,0.31937757
0.0,0.23266914
1.0,0.47839692
0.0,0.13295081
1.0,0.42113325
1.0,0.09616341
0.0,0.15197262
0.0,0.25578335
1.0,0.15743473
0.0,0.1270363
0.0,0.23987766
0.0,0.2638904
0.0,0.23916224
1.0,0.2848365
0.0,0.09082249
0.0,0.19898812
0.0,0.060363088
0.0,0.11785833
1.0,0.33277342
0.0,0.12794685
0.0,0.1389986
0.0,0.19257665
1.0,0.34735093
0.0,0.056627862
0.0,0.2133815
0.0,0.20773906
0.0,0.22169615
0.0,0.19473454
1.0,0.4444137
0.0,0.19546248
0.0,0.117476664
1.0,0.2984241
0.0,0.08107305
1.0,0.26062423
0.0,0.21806772
0.0,0.16668217
0.0,0.20648898
0.0,0.46328542
1.0,0.15489961
0.0,0.07188802
0.0,0.068687275
0.0,0.1608909
0.0,0.11941152
0.0,0.10770586
0.0,0.07507517
1.0,0.31384912
0.0,0.14734161
0.0,0.20064113
0.0,0.064245954
0.0,0.04531916
0.0,0.08992659
0.0,0.18582407
0.0,0.06372748
0.0,0.06885713
0.0,0.13690796
0.0,0.22620195
1.0,0.12610659
0.0,0.2113831
1.0,0.211884
0.0,0.1387995
1.0,0.31783837
0.0,0.107716955
1.0,0.37809017
0.0,0.06594404
0.0,0.1908188
0.0,0.08661945
0.0,0.13884164
0.0,0.1799376
0.0,0.26222205
0.0,0.21666434
1.0,0.2825098
0.0,0.18609639
0.0,0.12719554
0.0,0.119637445
1.0,0.27616015
1.0,0.24171068
0.0,0.15406586
0.0,0.27522942
0.0,0.05671748
0.0,0.2545383
1.0,0.29305658
0.0,0.046483386
1.0,0.51912874
1.0,0.32306686
0.0,0.238823
0.0,0.34137842
0.0,0.1470472
0.0,0.18174168
0.0,0.07703605
1.0,0.47320285
0.0,0.08892394
0.0,0.10953615
0.0,0.12763304
0.0,0.1107368
0.0,0.053453613
1.0,0.46293193
0.0,0.107230745
0.0,0.2298152
1.0,0.15357651
1.0,0.3786428
0.0,0.057752203
0.0,0.13351792
0.0,0.20237191
0.0,0.2655139
0.0,0.21635467
0.0,0.08630656
0.0,0.4190037
0.0,0.26015475
0.0,0.4958689
0.0,0.097428784
1.0,0.38309652
0.0,0.10533247
0.0,0.21211319
1.0,0.46508223
1.0,0.42427176
0.0,0.19895159
0.0,0.09646159
1.0,0.45459718
0.0,0.1903864
1.0,0.34936953
0.0,0.18376657
0.0,0.50854397
0.0,0.20267637
1.0,0.17463443
0.0,0.084743686
0.0,0.08339511
0.0,0.07483114
1.0,0.36377805
0.0,0.039110202
1.0,0.10329272
0.0,0.3733716
0.0,0.22591312
0.0,0.20214055
0.0,0.2789002
0.0,0.17210594
1.0,0.30533478
0.0,0.26471034
0.0,0.087226294
0.0,0.102858774
0.0,0.07225443
1.0,0.31989688
0.0,0.14142862
0.0,0.18427882
0.0,0.12707579
1.0,0.35316506
0.0,0.17746039
0.0,0.34132916
0.0,0.07046795
0.0,0.13587777
0.0,0.09877635
1.0,0.4237146
1.0,0.2842073
0.0,0.27063268
1.0,0.25236642
0.0,0.28440565
0.0,0.093397915
0.0,0.109551646
0.0,0.097694255
0.0,0.116080955
0.0,0.33531824
0.0,0.20483229
1.0,0.48279792
0.0,0.09687506
0.0,0.12050204
0.0,0.18075114
1.0,0.09765595
1.0,0.38769257
1.0,0.29177064
0.0,0.18293507
1.0,0.20208393
1.0,0.39127946
1.0,0.32179937
0.0,0.35465237
1.0,0.24458586
0.0,0.14460166
0.0,0.17203195
0.0,0.028313424
0.0,0.2875506
1.0,0.41604578
0.0,0.18919978
0.0,0.16798006
0.0,0.21213783
0.0,0.18328604
0.0,0.070724435
0.0,0.094831936
1.0,0.48005974
1.0,0.36120263
1.0,0.27957782
0.0,0.18246478
0.0,0.3167852
0.0,0.20639119
0.0,0.15665181
0.0,0.16823886
0.0,0.017348316
0.0,0.3898592
1.0,0.3592717
0.0,0.21251911
1.0,0.35245624
0.0,0.16940196
1.0,0.35615534
1.0,0.351834
0.0,0.10193899
0.0,0.1456376
0.0,0.18440484
0.0,0.2581936
0.0,0.046765704
1.0,0.3660857
0.0,0.05791305
0.0,0.36855805
0.0,0.13712372
1.0,0.17321475
0.0,0.28617564
0.0,0.15096769
0.0,0.29999042
0.0,0.13440748
0.0,0.095944576
0.0,0.15044618
1.0,0.2441698
0.0,0.13101606
1.0,0.3419643
0.0,0.16021214
0.0,0.09081871
0.0,0.14759573
0.0,0.033421427
1.0,0.4118245
1.0,0.541227
0.0,0.10443363
0.0,0.22418812
1.0,0.34159288
0.0,0.06889713
0.0,0.29133338
0.0,0.12311607
1.0,0.25091794
1.0,0.487018
1.0,0.32917362
0.0,0.1486938
0.0,0.07289509
0.0,0.24670571
0.0,0.07726566
0.0,0.1332868
1.0,0.5376232
0.0,0.05895793
0.0,0.2968392
0.0,0.12734552
0.0,0.07656719
0.0,0.26808858
1.0,0.29629695
0.0,0.25463232
0.0,0.15513292
0.0,0.19992425
0.0,0.20186538
0.0,0.1755105
0.0,0.13394547
0.0,0.22115815
0.0,0.34188482
0.0,0.08825496
0.0,0.16365843
0.0,0.068654954
0.0,0.121240474
1.0,0.39906287
0.0,0.2311056
1.0,0.49313715
0.0,0.34987324
0.0,0.32628062
0.0,0.090342596
1.0,0.3076981
0.0,0.12963519
1.0,0.18425322
0.0,0.20061648
1.0,0.18095271
0.0,0.1478469
1.0,0.09825073
0.0,0.17631128
0.0,0.049287837
0.0,0.20354557
0.0,0.07208295
0.0,0.38584647
0.0,0.1996888
1.0,0.13386506
0.0,0.19996695
0.0,0.1683536
0.0,0.12450513
1.0,0.32311624
1.0,0.1343516
0.0,0.10664239
0.0,0.33925766
1.0,0.2954622
0.0,0.19094938
1.0,0.06889116
0.0,0.0921626
0.0,0.26193383
0.0,0.1884914
1.0,0.20097396
0.0,0.27153257
0.0,0.11124644
0.0,0.2575919
1.0,0.24601841
0.0,0.39392865
0.0,0.21361302
0.0,0.0011995295
1.0,0.16126235
1.0,0.14419186
0.0,0.18005614
0.0,0.39681715
0.0,0.17392261
0.0,0.11622982
0.0,0.15792619
0.0,0.2015259
0.0,0.15306513
1.0,0.4163791
0.0,0.29780877
0.0,0.022182371
1.0,0.31828943
1.0,0.5077087
1.0,0.16042563
0.0,0.15523921
0.0,0.08574136
0.0,0.08851009
0.0,0.11396361
1.0,0.22248895
0.0,0.24867038
0.0,0.2629181
0.0,0.49434987
1.0,0.2323022
0.0,0.07806315
0.0,0.15014388
0.0,0.18203324
0.0,0.017035093
0.0,0.18040322
0.0,0.16215385
0.0,0.05755847
0.0,0.14401974
0.0,0.19571584
0.0,0.16345312
0.0,0.13065898
1.0,0.24198784
0.0,0.1208264
1.0,0.30827123
1.0,0.29854444
1.0,0.314
0.0,0.23994419
0.0,0.107398875
0.0,0.2649982
0.0,0.16438171
0.0,0.14054045
0.0,0.12792026
1.0,0.10950292
1.0,0.42946872
0.0,0.27677333
0.0,0.0070925457
0.0,0.13450043
0.0,0.057702217
1.0,0.3068814
1.0,0.30298033
0.0,0.16521674
0.0,0.12873855
0.0,0.24934651
0.0,0.41001555
1.0,0.215759
0.0,0.24980524
0.0,0.2899609
0.0,0.13037997
0.0,0.35364252
0.0,0.3578208
0.0,0.25608537
0.0,0.0880125
0.0,0.07706674
0.0,0.18497625
0.0,0.13010277
0.0,0.061181042
0.0,0.10576565
0.0,0.2928893
0.0,0.14797722
0.0,0.11544227
0.0,0.102126025
0.0,0.026900481
1.0,0.1721771
1.0,0.27447465
1.0,0.13904248
0.0,0.2077337
0.0,0.0633491
1.0,0.42183623
0.0,0.20461443
1.0,0.21416314
0.0,0.078602985
0.0,0.073568754
0.0,0.26219243
0.0,0.22490208
1.0,0.39397955
0.0,0.2671049
0.0,0.20990907
0.0,0.02953983
0.0,0.22698912
1.0,0.3291326
0.0,0.12830791
0.0,0.061061773
0.0,0.043538872
0.0,0.10853346
0.0,0.17653762
0.0,0.12738419
0.0,0.14888947
0.0,0.23394454
0.0,0.15615334
0.0,0.06502402
0.0,0.099263124
0.0,0.21154614
1.0,0.31611606
1.0,0.08005685
0.0,0.07154152
0.0,0.110107414
0.0,0.08306804
0.0,0.06897227
0.0,0.24809559
0.0,0.16776495
0.0,0.15487309
1.0,0.14327723
0.0,0.09727835
0.0,0.22996289
0.0,0.14324789
0.0,0.1813978
0.0,0.24184972
0.0,0.15607233
0.0,0.069164455
1.0,0.5464563
0.0,0.07946863
0.0,0.13211165
0.0,0.17292055
1.0,0.30947793
0.0,0.30914423
0.0,0.31963924
0.0,0.15086249
1.0,0.35240906
0.0,0.06934059
0.0,0.1622154
0.0,0.15742704
0.0,0.12093789
0.0,0.05863945
0.0,0.26536497
0.0,0.27759698
1.0,0.3376833
0.0,0.25214094
0.0,0.15605456
0.0,0.32686266
0.0,0.1828962
0.0,0.08299504
0.0,0.17651862
0.0,0.24663886
1.0,0.18141666
0.0,0.362718
1.0,0.3427095
1.0,0.5494631
0.0,0.095757276
0.0,0.12008701
0.0,0.19623314
0.0,0.13229409
1.0,0.22942355
0.0,0.12719187
0.0,0.13679288
0.0,0.1954033
0.0,0.48657468
0.0,0.14717615
0.0,0.16115741
0.0,0.31391674
0.0,0.33340982
0.0,0.090310395
0.0,0.15616669
0.0,0.19268654
0.0,0.20006323
0.0,0.3028257
0.0,0.2880161
0.0,0.17225306
1.0,0.23953588
0.0,0.42022672
1.0,0.27598912
1.0,0.54960966
1.0,0.238941
0.0,0.24568696
0.0,0.06382234
0.0,0.23529428
0.0,0.10228191
1.0,0.17022587
1.0,0.1785083
1.0,0.22224438
0.0,0.04487292
0.0,0.11039913
1.0,0.19369602
0.0,0.10190621
0.0,0.075206
0.0,0.03930011
0.0,0.28408146
1.0,0.2315298
1.0,0.43234202
1.0,0.41913295
0.0,0.105509944
0.0,0.17805497
0.0,0.08012849
0.0,0.35592324
1.0,0.46371135
1.0,0.36800617
0.0,0.1662617
0.0,0.26224685
0.0,0.23489101
0.0,0.17336293
0.0,0.17706807
0.0,0.14046197
0.0,0.3322571
1.0,0.35526344
0.0,0.038499035
0.0,0.044348672
1.0,0.23697829
0.0,0.27230245
0.0,0.27143186
0.0,0.14018254
0.0,0.19096364
0.0,0.29706866
0.0,0.18441887
0.0,0.034753848
0.0,0.21282965
0.0,0.14565843
0.0,0.15229902
0.0,0.18303049
1.0,0.2941441
0.0,0.28661215
0.0,0.14790595
0.0,0.099048175
0.0,0.25907886
0.0,0.0915614
1.0,0.2144595
1.0,0.27028102
0.0,0.08968167
0.0,0.15900418
0.0,0.2058775
0.0,0.14433742
1.0,0.2738245
1.0,0.4380794
0.0,0.093238175
1.0,0.30808353
0.0,0.13113283
1.0,0.21335147
0.0,0.2791019
0.0,0.18757005
0.0,0.09760379
0.0,0.099390395
1.0,0.5274782
0.0,0.17682856
0.0,0.08461516
0.0,0.035122637
0.0,0.21621916
0.0,0.26406848
0.0,0.1302468
0.0,0.13354826
0.0,0.1724892
0.0,0.29979476
0.0,0.31696665
0.0,0.08397731
0.0,0.27818376
0.0,0.15821303
1.0,0.16148314
0.0,0.11884907
0.0,0.08943604
0.0,0.10301607
0.0,0.21641514
0.0,0.17486979
1.0,0.22815096
1.0,0.1354544
0.0,0.10389163
1.0,0.32886976
0.0,0.07470203
0.0,0.14263451
0.0,0.1423138
1.0,0.3519068
1.0,0.40692067
0.0,0.14099075
0.0,0.2751078
1.0,0.45830658
0.0,0.3766752
0.0,0.10368575
0.0,0.3879567
0.0,0.1554845
0.0,0.13105771
0.0,0.2948715
0.0,0.046340086
1.0,0.29427287
0.0,0.059301265
0.0,0.13068052
0.0,0.21661307
